{
	"credit": "Stardust did something here",
	"parent": "block/block",
	"ambientocclusion": false,
	"textures": {
		"3": "item/nether_star",
		"4": "block/glass",
		"5": "block/beacon_glass_2",
		"particle": "block/beacon_glass",
		"glass": "block/beacon_glass",
		"obsidian": "block/obsidian"
	},
	"elements": [
		{
			"name": "Glass shell",
			"from": [1, 3, 1],
			"to": [15, 16, 15],
			"faces": {
				"north": {"uv": [0, 0, 15, 13], "texture": "#glass"},
				"east": {"uv": [0, 0, 15, 13], "texture": "#glass"},
				"south": {"uv": [0, 0, 15, 13], "texture": "#glass"},
				"west": {"uv": [0, 0, 15, 13], "texture": "#glass"},
				"up": {"uv": [0, 0, 16, 16], "texture": "#4"}
			}
		},
		{
			"name": "Obsidian base",
			"from": [0, 0.1, 0],
			"to": [16, 3, 16],
			"faces": {
				"north": {"uv": [16, 0, 0, 3], "texture": "#obsidian"},
				"east": {"uv": [13, 0, 16, 16], "rotation": 90, "texture": "#obsidian"},
				"south": {"uv": [0, 13, 16, 16], "texture": "#obsidian"},
				"west": {"uv": [0, 0, 3, 16], "rotation": 90, "texture": "#obsidian"},
				"up": {"uv": [0, 0, 16, 16], "texture": "#obsidian"},
				"down": {"uv": [0, 0, 16, 16], "texture": "#obsidian", "cullface": "down"}
			}
		},
		{
			"name": "Obsidian Restraints",
			"from": [2, 3, 5],
			"to": [3, 13, 11],
			"rotation": {"angle": 0, "axis": "y", "origin": [8, 3.5, 13.5]},
			"faces": {
				"north": {"uv": [5, 6, 4, 16], "texture": "#obsidian"},
				"east": {"uv": [5, 6, 11, 16], "texture": "#obsidian"},
				"south": {"uv": [12, 6, 11, 16], "texture": "#obsidian"},
				"west": {"uv": [11, 6, 5, 16], "texture": "#obsidian"},
				"up": {"uv": [11, 5, 5, 6], "rotation": 90, "texture": "#obsidian"}
			}
		},
		{
			"name": "Obsidian Restraints",
			"from": [5, 3, 13],
			"to": [11, 13, 14],
			"rotation": {"angle": 0, "axis": "y", "origin": [2.5, 8, 8]},
			"faces": {
				"north": {"uv": [5, 6, 11, 16], "texture": "#obsidian"},
				"east": {"uv": [12, 6, 11, 16], "texture": "#obsidian"},
				"south": {"uv": [11, 6, 5, 16], "texture": "#obsidian"},
				"west": {"uv": [5, 6, 4, 16], "texture": "#obsidian"},
				"up": {"uv": [11, 5, 5, 6], "texture": "#obsidian"}
			}
		},
		{
			"name": "Obsidian Restraints",
			"from": [5, 3, 2],
			"to": [11, 13, 3],
			"rotation": {"angle": 0, "axis": "y", "origin": [8, 8, 2.5]},
			"faces": {
				"north": {"uv": [11, 6, 5, 16], "texture": "#obsidian"},
				"east": {"uv": [5, 6, 4, 16], "texture": "#obsidian"},
				"south": {"uv": [5, 6, 11, 16], "texture": "#obsidian"},
				"west": {"uv": [12, 6, 11, 16], "texture": "#obsidian"},
				"up": {"uv": [11, 5, 5, 6], "rotation": 180, "texture": "#obsidian"}
			}
		},
		{
			"name": "Obsidian Restraints",
			"from": [13, 3, 5],
			"to": [14, 13, 11],
			"rotation": {"angle": 0, "axis": "y", "origin": [2.5, 8, 8]},
			"faces": {
				"north": {"uv": [12, 6, 11, 16], "texture": "#obsidian"},
				"east": {"uv": [11, 6, 5, 16], "texture": "#obsidian"},
				"south": {"uv": [5, 6, 4, 16], "texture": "#obsidian"},
				"west": {"uv": [5, 6, 11, 16], "texture": "#obsidian"},
				"up": {"uv": [11, 5, 5, 6], "rotation": 270, "texture": "#obsidian"}
			}
		},
		{
			"name": "Nether Star",
			"from": [7.5, 3, 1.5],
			"to": [8.5, 4, 14.5],
			"faces": {
				"north": {"uv": [8, 2, 9, 3], "texture": "#3"},
				"east": {"uv": [8, 2, 9, 15], "rotation": 90, "texture": "#3"},
				"south": {"uv": [8, 14, 9, 15], "texture": "#3"},
				"west": {"uv": [8, 15, 9, 2], "rotation": 90, "texture": "#3"},
				"up": {"uv": [8, 2, 9, 15], "texture": "#3"}
			}
		},
		{
			"name": "Nether Star",
			"from": [1.5, 3, 7.5],
			"to": [14.5, 4, 8.5],
			"rotation": {"angle": 0, "axis": "y", "origin": [8.5, 3.5, 8.5]},
			"faces": {
				"north": {"uv": [15, 8, 2, 9], "texture": "#3"},
				"east": {"uv": [14, 8, 15, 9], "texture": "#3"},
				"south": {"uv": [2, 8, 15, 9], "texture": "#3"},
				"west": {"uv": [2, 8, 3, 9], "texture": "#3"},
				"up": {"uv": [2, 8, 15, 9], "texture": "#3"}
			}
		},
		{
			"name": "Nether Star",
			"from": [6.5, 3, 2.5],
			"to": [9.5, 4, 13.5],
			"faces": {
				"north": {"uv": [10, 3, 7, 4], "texture": "#3"},
				"east": {"uv": [9, 3, 10, 14], "rotation": 90, "texture": "#3"},
				"south": {"uv": [8, 14, 9, 15], "texture": "#3"},
				"west": {"uv": [7, 14, 8, 3], "rotation": 90, "texture": "#3"},
				"up": {"uv": [7, 3, 10, 14], "texture": "#3"}
			}
		},
		{
			"name": "Nether Star",
			"from": [5.5, 3, 3.5],
			"to": [10.5, 4, 12.5],
			"faces": {
				"north": {"uv": [11, 4, 6, 5], "texture": "#3"},
				"east": {"uv": [10, 4, 11, 13], "rotation": 90, "texture": "#3"},
				"south": {"uv": [8, 14, 9, 15], "texture": "#3"},
				"west": {"uv": [6, 13, 7, 4], "rotation": 90, "texture": "#3"},
				"up": {"uv": [6, 4, 11, 13], "texture": "#3"}
			}
		},
		{
			"name": "Nether Star",
			"from": [3.5, 3, 5.5],
			"to": [12.5, 4, 10.5],
			"rotation": {"angle": 0, "axis": "y", "origin": [8.5, 3.5, 8.5]},
			"faces": {
				"north": {"uv": [13, 6, 4, 7], "texture": "#3"},
				"east": {"uv": [12, 6, 13, 11], "rotation": 90, "texture": "#3"},
				"south": {"uv": [4, 10, 13, 11], "texture": "#3"},
				"west": {"uv": [4, 11, 5, 6], "rotation": 90, "texture": "#3"},
				"up": {"uv": [4, 6, 13, 11], "texture": "#3"}
			}
		},
		{
			"name": "Nether Star",
			"from": [2.5, 3, 6.5],
			"to": [13.5, 4, 9.5],
			"rotation": {"angle": 0, "axis": "y", "origin": [8.5, 3.5, 8.5]},
			"faces": {
				"north": {"uv": [14, 7, 3, 8], "texture": "#3"},
				"east": {"uv": [13, 7, 14, 10], "rotation": 90, "texture": "#3"},
				"south": {"uv": [3, 9, 14, 10], "texture": "#3"},
				"west": {"uv": [3, 7, 4, 8], "texture": "#3"},
				"up": {"uv": [3, 7, 14, 10], "texture": "#3"}
			}
		},
		{
			"name": "Glass Panes",
			"from": [3, 11, 3],
			"to": [13, 12, 13],
			"faces": {
				"north": {"uv": [3, 3, 13, 4], "texture": "#5"},
				"east": {"uv": [12, 3, 13, 13], "rotation": 90, "texture": "#5"},
				"south": {"uv": [3, 12, 13, 13], "texture": "#5"},
				"west": {"uv": [3, 3, 4, 13], "rotation": 90, "texture": "#5"},
				"up": {"uv": [3, 3, 13, 13], "texture": "#5"},
				"down": {"uv": [3, 3, 13, 13], "rotation": 270, "texture": "#5"}
			}
		},
		{
			"name": "Glass Panes",
			"from": [3, 7, 3],
			"to": [13, 8, 13],
			"faces": {
				"north": {"uv": [3, 3, 13, 4], "texture": "#5"},
				"east": {"uv": [12, 3, 13, 13], "rotation": 90, "texture": "#5"},
				"south": {"uv": [3, 12, 13, 13], "texture": "#5"},
				"west": {"uv": [3, 3, 4, 13], "rotation": 90, "texture": "#5"},
				"up": {"uv": [3, 3, 13, 13], "texture": "#5"},
				"down": {"uv": [3, 3, 13, 13], "rotation": 270, "texture": "#5"}
			}
		},
		{
			"name": "Glass Panes",
			"from": [3, 9, 3],
			"to": [13, 10, 13],
			"rotation": {"angle": 0, "axis": "y", "origin": [8, 9.5, 8]},
			"faces": {
				"north": {"uv": [3, 3, 13, 4], "texture": "#5"},
				"east": {"uv": [12, 3, 13, 13], "rotation": 90, "texture": "#5"},
				"south": {"uv": [3, 12, 13, 13], "texture": "#5"},
				"west": {"uv": [3, 3, 4, 13], "rotation": 90, "texture": "#5"},
				"up": {"uv": [3, 3, 13, 13], "texture": "#5"},
				"down": {"uv": [3, 3, 13, 13], "rotation": 270, "texture": "#5"}
			}
		},
		{
			"name": "Glass Panes",
			"from": [3, 5, 3],
			"to": [13, 6, 13],
			"faces": {
				"north": {"uv": [3, 3, 13, 4], "texture": "#5"},
				"east": {"uv": [12, 3, 13, 13], "rotation": 90, "texture": "#5"},
				"south": {"uv": [3, 12, 13, 13], "texture": "#5"},
				"west": {"uv": [3, 3, 4, 13], "rotation": 90, "texture": "#5"},
				"up": {"uv": [3, 3, 13, 13], "texture": "#5"},
				"down": {"uv": [3, 3, 13, 13], "rotation": 270, "texture": "#5"}
			}
		}
	],
	"groups": [
		0,
		1,
		{
			"name": "Obsidian Restraints",
			"origin": [13.5, 3.5, 8],
			"color": 0,
			"children": [2, 3, 4, 5]
		},
		{
			"name": "Nether Star",
			"origin": [0, 0, 0],
			"color": 0,
			"children": [6, 7, 8, 9, 10, 11]
		},
		{
			"name": "Glass Panes",
			"origin": [0, 0, 0],
			"color": 0,
			"children": [12, 13, 14, 15]
		}
	]
}