{
	"credit": "Butter did something here",
	"ambientocclusion": false,
	"textures": {
		"1": "block/iron_bars"
	},
	"elements": [
		{
			"name": "Lonk Skinny",
			"from": [7.5, 0.01, 7],
			"to": [8.5, 15.99, 8],
			"faces": {
				"north": {"uv": [13, 0, 14, 16], "texture": "#1"},
				"east": {"uv": [13, 0, 14, 16], "texture": "#1"},
				"south": {"uv": [14, 0, 13, 16], "texture": "#1"},
				"west": {"uv": [13, 0, 14, 16], "texture": "#1"},
				"up": {"uv": [0, 0, 0, 0], "texture": "#1"},
				"down": {"uv": [0, 0, 0, 0], "texture": "#1"}
			}
		},
		{
			"name": "Smol",
			"from": [7.5, 2, 4],
			"to": [8.5, 4, 7],
			"faces": {
				"north": {"uv": [0, 0, 0, 0], "texture": "#1"},
				"east": {"uv": [9, 12, 12, 14], "texture": "#1"},
				"south": {"uv": [0, 0, 0, 0], "texture": "#1"},
				"west": {"uv": [9, 12, 12, 14], "texture": "#1"},
				"up": {"uv": [8, 12, 9, 15], "texture": "#1"},
				"down": {"uv": [8, 12, 9, 15], "texture": "#1"}
			}
		},
		{
			"name": "Tall",
			"from": [7.5, 0.01, 2],
			"to": [8.5, 15.99, 4],
			"faces": {
				"north": {"uv": [8, 0, 9, 16], "texture": "#1"},
				"east": {"uv": [12, 0, 14, 16], "texture": "#1"},
				"south": {"uv": [8, 0, 9, 16], "texture": "#1"},
				"west": {"uv": [12, 0, 14, 16], "texture": "#1"},
				"up": {"uv": [0, 0, 0, 0], "texture": "#1"},
				"down": {"uv": [0, 0, 0, 0], "texture": "#1"}
			}
		},
		{
			"name": "Smol 2",
			"from": [7.5, 7, 0],
			"to": [8.5, 9, 2],
			"faces": {
				"north": {"uv": [13, 7, 14, 9], "texture": "#1"},
				"east": {"uv": [14, 7, 16, 9], "texture": "#1"},
				"south": {"uv": [0, 0, 0, 0], "texture": "#1"},
				"west": {"uv": [14, 7, 16, 9], "texture": "#1"},
				"up": {"uv": [13, 7, 14, 9], "texture": "#1"},
				"down": {"uv": [13, 7, 14, 9], "texture": "#1"}
			}
		},
		{
			"name": "Top",
			"from": [7, 15.499, 0],
			"to": [9, 15.999, 7],
			"faces": {
				"north": {"uv": [0, 0, 0, 0], "texture": "#1"},
				"east": {"uv": [8, 7, 9, 8], "texture": "#1"},
				"south": {"uv": [0, 0, 0, 0], "texture": "#1"},
				"west": {"uv": [8, 7, 9, 8], "texture": "#1"},
				"up": {"uv": [7, 0, 9, 7], "texture": "#1"},
				"down": {"uv": [9, 0, 7, 7], "texture": "#1"}
			}
		},
		{
			"name": "Bottom",
			"from": [7, 0.001, 0],
			"to": [9, 0.501, 7],
			"faces": {
				"east": {"uv": [8, 0, 9, 1], "texture": "#1"},
				"west": {"uv": [8, 0, 9, 1], "texture": "#1"},
				"up": {"uv": [7, 0, 9, 7], "texture": "#1"},
				"down": {"uv": [9, 0, 7, 7], "texture": "#1"}
			}
		}
	],
	"groups": [
		{
			"name": "Iron Bar Side",
			"origin": [8, 8, 8],
			"color": 0,
			"children": [0, 1, 2, 3]
		},
		{
			"name": "Perimeter",
			"origin": [8, 8, 8],
			"color": 0,
			"children": [4, 5]
		}
	]
}