{
	"credit": "Butter did something here",
	"ambientocclusion": false,
	"textures": {
		"particle": "block/iron_bars",
		"edge": "block/iron_bars"
	},
	"elements": [
		{
			"name": "Lonk Skinny",
			"from": [7, 0.5, 8],
			"to": [9, 15.5, 9],
			"faces": {
				"north": {"uv": [12, 1, 14, 16], "texture": "#edge"},
				"east": {"uv": [7, 1, 8, 16], "texture": "#edge"},
				"south": {"uv": [12, 0, 14, 15], "texture": "#edge"},
				"west": {"uv": [7, 0, 8, 15], "texture": "#edge"},
				"up": {"uv": [0, 0, 0, 0], "texture": "#edge"},
				"down": {"uv": [0, 0, 0, 0], "texture": "#edge"}
			}
		}
	]
}