{
	"credit": "The Stardust System did something here",
	"ambientocclusion": false,
	"textures": {
		"2": "block/ladder",
		"particle": "block/ladder"
	},
	"elements": [
		{
			"name": "Right Post",
			"from": [2, 0, 15],
			"to": [4, 16, 16],
			"faces": {
				"north": {"uv": [12, 0, 14, 16], "texture": "#2"},
				"east": {"uv": [12, 0, 13, 16], "texture": "#2"},
				"south": {"uv": [12, 0, 14, 16], "texture": "#2", "cullface": "south"},
				"west": {"uv": [13, 0, 14, 16], "texture": "#2"},
				"up": {"uv": [14, 0, 12, 1], "texture": "#2", "cullface": "up"},
				"down": {"uv": [12, 15, 14, 16], "texture": "#2", "cullface": "down"}
			}
		},
		{
			"name": "Left Post",
			"from": [12, 0, 15],
			"to": [14, 16, 16],
			"faces": {
				"north": {"uv": [12, 0, 14, 16], "texture": "#2"},
				"east": {"uv": [12, 0, 13, 16], "texture": "#2"},
				"south": {"uv": [12, 0, 14, 16], "texture": "#2", "cullface": "south"},
				"west": {"uv": [13, 0, 14, 16], "texture": "#2"},
				"up": {"uv": [14, 0, 12, 1], "texture": "#2", "cullface": "up"},
				"down": {"uv": [12, 15, 14, 16], "texture": "#2", "cullface": "down"}
			}
		},
		{
			"name": "Rung",
			"from": [1, 1, 14],
			"to": [15, 3, 15],
			"faces": {
				"north": {"uv": [1, 13, 15, 15], "texture": "#2"},
				"east": {"uv": [1, 13, 2, 15], "texture": "#2"},
				"south": {"uv": [1, 13, 15, 15], "texture": "#2"},
				"west": {"uv": [14, 13, 15, 15], "texture": "#2"},
				"up": {"uv": [1, 13, 15, 14], "texture": "#2"},
				"down": {"uv": [1, 14, 15, 15], "texture": "#2"}
			}
		},
		{
			"name": "Rung",
			"from": [1, 5, 14],
			"to": [15, 7, 15],
			"faces": {
				"north": {"uv": [1, 9, 15, 11], "texture": "#2"},
				"east": {"uv": [1, 9, 2, 11], "texture": "#2"},
				"south": {"uv": [1, 9, 15, 11], "texture": "#2"},
				"west": {"uv": [14, 9, 15, 11], "texture": "#2"},
				"up": {"uv": [1, 9, 15, 10], "texture": "#2"},
				"down": {"uv": [1, 10, 15, 11], "texture": "#2"}
			}
		},
		{
			"name": "Rung",
			"from": [1, 9, 14],
			"to": [15, 11, 15],
			"faces": {
				"north": {"uv": [1, 5, 15, 7], "texture": "#2"},
				"east": {"uv": [1, 5, 2, 7], "texture": "#2"},
				"south": {"uv": [1, 5, 15, 7], "texture": "#2"},
				"west": {"uv": [14, 5, 15, 7], "texture": "#2"},
				"up": {"uv": [1, 5, 15, 6], "texture": "#2"},
				"down": {"uv": [1, 6, 15, 7], "texture": "#2"}
			}
		},
		{
			"name": "Rung",
			"from": [1, 13, 14],
			"to": [15, 15, 15],
			"faces": {
				"north": {"uv": [1, 1, 15, 3], "texture": "#2"},
				"east": {"uv": [1, 1, 2, 3], "texture": "#2"},
				"south": {"uv": [1, 1, 15, 3], "texture": "#2"},
				"west": {"uv": [14, 1, 15, 3], "texture": "#2"},
				"up": {"uv": [1, 1, 15, 2], "texture": "#2"},
				"down": {"uv": [1, 2, 15, 3], "texture": "#2"}
			}
		}
	],
	"groups": [
		{
			"name": "Ladder",
			"origin": [0, 0, 0],
			"color": 0,
			"children": [0, 1, 2, 3, 4, 5]
		}
	]
}