{
	"credit": "Made with Blockbench",
	"ambientocclusion": false,
	"textures": {
		"particle": "block/lily_pad",
		"texture": "block/lily_pad"
	},
	"elements": [
		{
			"from": [1, 0, 5],
			"to": [14, 1, 11],
			"faces": {
				"north": {"uv": [8, 5, 9, 6], "texture": "#texture", "tintindex": 0},
				"east": {"uv": [14, 4, 15, 5], "texture": "#texture", "tintindex": 0},
				"south": {"uv": [14, 10, 15, 11], "texture": "#texture", "tintindex": 0},
				"west": {"uv": [2, 4, 3, 5], "texture": "#texture", "tintindex": 0},
				"up": {"uv": [2, 5, 15, 11], "texture": "#texture", "tintindex": 0},
				"down": {"uv": [2, 5, 15, 11], "rotation": 180, "texture": "#texture", "tintindex": 0}
			}
		},
		{
			"from": [2, 0, 11],
			"to": [13, 1, 13],
			"faces": {
				"east": {"uv": [3, 11, 4, 12], "texture": "#texture", "tintindex": 0},
				"south": {"uv": [3, 12, 4, 13], "texture": "#texture", "tintindex": 0},
				"west": {"uv": [3, 12, 4, 12], "texture": "#texture", "tintindex": 0},
				"up": {"uv": [3, 11, 14, 13], "texture": "#texture", "tintindex": 0},
				"down": {"uv": [3, 11, 14, 13], "rotation": 180, "texture": "#texture", "tintindex": 0}
			}
		},
		{
			"from": [3, 0, 1],
			"to": [6, 1, 14],
			"faces": {
				"north": {"uv": [4, 1, 7, 2], "rotation": 180, "texture": "#texture", "tintindex": 0},
				"east": {"uv": [10, 2, 11, 3], "texture": "#texture", "tintindex": 0},
				"south": {"uv": [4, 13, 5, 14], "texture": "#texture", "tintindex": 0},
				"west": {"uv": [4, 1, 5, 2], "texture": "#texture", "tintindex": 0},
				"up": {"uv": [4, 1, 7, 14], "texture": "#texture", "tintindex": 0},
				"down": {"uv": [10, 1, 13, 14], "rotation": 180, "texture": "#texture", "tintindex": 0}
			}
		},
		{
			"from": [9, 0, 1],
			"to": [12, 1, 14],
			"faces": {
				"north": {"uv": [10, 1, 13, 2], "rotation": 180, "texture": "#texture", "tintindex": 0},
				"east": {"uv": [12, 1, 13, 2], "texture": "#texture", "tintindex": 0},
				"south": {"uv": [12, 13, 13, 14], "texture": "#texture", "tintindex": 0},
				"west": {"uv": [6, 2, 7, 3], "texture": "#texture", "tintindex": 0},
				"up": {"uv": [10, 1, 13, 14], "texture": "#texture", "tintindex": 0},
				"down": {"uv": [4, 1, 7, 14], "rotation": 180, "texture": "#texture", "tintindex": 0}
			}
		},
		{
			"from": [5, 0, 13],
			"to": [10, 1, 15],
			"faces": {
				"east": {"uv": [10, 14, 11, 15], "texture": "#texture", "tintindex": 0},
				"south": {"uv": [7, 14, 10, 15], "texture": "#texture", "tintindex": 0},
				"west": {"uv": [6, 14, 7, 15], "texture": "#texture", "tintindex": 0},
				"up": {"uv": [6, 13, 11, 15], "texture": "#texture", "tintindex": 0},
				"down": {"uv": [6, 13, 11, 15], "rotation": 180, "texture": "#texture", "tintindex": 0}
			}
		},
		{
			"from": [6, 0, 3],
			"to": [7, 1, 5],
			"faces": {
				"north": {"uv": [7, 3, 8, 4], "texture": "#texture", "tintindex": 0},
				"east": {"uv": [7, 3, 8, 5], "rotation": 90, "texture": "#texture", "tintindex": 0},
				"up": {"uv": [7, 3, 8, 5], "texture": "#texture", "tintindex": 0},
				"down": {"uv": [7, 3, 8, 5], "texture": "#texture", "tintindex": 0}
			}
		},
		{
			"from": [8, 0, 3],
			"to": [9, 1, 5],
			"faces": {
				"north": {"uv": [7, 3, 8, 4], "texture": "#texture", "tintindex": 0},
				"west": {"uv": [9, 3, 10, 5], "rotation": 270, "texture": "#texture", "tintindex": 0},
				"up": {"uv": [9, 3, 10, 5], "texture": "#texture", "tintindex": 0},
				"down": {"uv": [9, 3, 10, 5], "rotation": 180, "texture": "#texture", "tintindex": 0}
			}
		},
		{
			"from": [2, 0, 4],
			"to": [3, 1, 5],
			"faces": {
				"up": {"uv": [3, 4, 4, 5], "texture": "#texture", "tintindex": 0},
				"down": {"uv": [3, 4, 4, 5], "texture": "#texture", "tintindex": 0}
			}
		},
		{
			"from": [12, 0, 4],
			"to": [13, 1, 5],
			"faces": {
				"up": {"uv": [13, 4, 14, 5], "texture": "#texture", "tintindex": 0},
				"down": {"uv": [13, 4, 14, 5], "texture": "#texture", "tintindex": 0}
			}
		},
		{
			"from": [13, 0, 4],
			"to": [14, 1, 5],
			"faces": {
				"north": {"uv": [14, 4, 15, 5], "texture": "#texture", "tintindex": 0},
				"east": {"uv": [14, 4, 15, 5], "texture": "#texture", "tintindex": 0},
				"up": {"uv": [14, 4, 15, 5], "texture": "#texture", "tintindex": 0},
				"down": {"uv": [14, 4, 15, 5], "texture": "#texture", "tintindex": 0}
			}
		},
		{
			"from": [12, 0, 2],
			"to": [13, 1, 4],
			"faces": {
				"north": {"uv": [13, 2, 14, 3], "texture": "#texture", "tintindex": 0},
				"east": {"uv": [13, 2, 14, 4], "rotation": 90, "texture": "#texture", "tintindex": 0},
				"up": {"uv": [13, 2, 14, 4], "texture": "#texture", "tintindex": 0},
				"down": {"uv": [13, 2, 14, 4], "texture": "#texture", "tintindex": 0}
			}
		},
		{
			"from": [2, 0, 2],
			"to": [3, 1, 4],
			"faces": {
				"north": {"uv": [3, 2, 4, 3], "texture": "#texture", "tintindex": 0},
				"west": {"uv": [3, 2, 4, 4], "rotation": 270, "texture": "#texture", "tintindex": 0},
				"up": {"uv": [3, 2, 4, 4], "texture": "#texture", "tintindex": 0},
				"down": {"uv": [3, 2, 4, 4], "texture": "#texture", "tintindex": 0}
			}
		},
		{
			"from": [1, 0, 4],
			"to": [2, 1, 5],
			"faces": {
				"north": {"uv": [2, 4, 3, 5], "texture": "#texture", "tintindex": 0},
				"west": {"uv": [2, 4, 3, 5], "texture": "#texture", "tintindex": 0},
				"up": {"uv": [2, 4, 3, 5], "texture": "#texture", "tintindex": 0},
				"down": {"uv": [2, 4, 3, 5], "texture": "#texture", "tintindex": 0}
			}
		}
	],
	"groups": [
		{
			"name": "Lily Pad",
			"origin": [0, 0, 0],
			"color": 0,
			"children": [0, 1, 2, 3, 4, 5, 6, 7, 8, 9, 10, 11, 12]
		}
	]
}