{
	"credit": "The Stardust System did something here",
	"textures": {
		"particle": "block/pointed_dripstone_up_frustum",
		"cross": "block/pointed_dripstone_up_frustum"
	},
	"elements": [
		{
			"from": [0.8, 0, 8],
			"to": [15.2, 16, 8],
			"shade": false,
			"rotation": {"angle": 45, "axis": "y", "origin": [8, 8, 8], "rescale": true},
			"faces": {
				"north": {"uv": [0, 0, 16, 16], "texture": "#cross"},
				"south": {"uv": [0, 0, 16, 16], "texture": "#cross"}
			}
		},
		{
			"from": [8, 0, 0.8],
			"to": [8, 16, 15.2],
			"shade": false,
			"rotation": {"angle": 45, "axis": "y", "origin": [8, 8, 8], "rescale": true},
			"faces": {
				"east": {"uv": [0, 0, 16, 16], "texture": "#cross"},
				"west": {"uv": [0, 0, 16, 16], "texture": "#cross"}
			}
		},
		{
			"from": [5, 0, 5],
			"to": [11, 16, 11],
			"faces": {
				"north": {"uv": [5, 0, 11, 16], "texture": "#cross"},
				"east": {"uv": [5, 0, 11, 16], "texture": "#cross"},
				"south": {"uv": [5, 0, 11, 16], "texture": "#cross"},
				"west": {"uv": [5, 0, 11, 16], "texture": "#cross"},
				"up": {"uv": [8, 10, 14, 16], "texture": "#cross", "cullface": "up"},
				"down": {"uv": [6, 7, 12, 13], "texture": "#cross", "cullface": "down"}
			}
		}
	]
}