{
	"credit": "The Stardust System did something here",
	"textures": {
		"particle": "block/pointed_dripstone_up_tip_merge",
		"cross": "block/pointed_dripstone_up_tip_merge"
	},
	"elements": [
		{
			"from": [0.8, 0, 8],
			"to": [15.2, 16, 8],
			"shade": false,
			"rotation": {"angle": 45, "axis": "y", "origin": [8, 8, 8], "rescale": true},
			"faces": {
				"north": {"uv": [0, 0, 16, 16], "texture": "#cross"},
				"south": {"uv": [0, 0, 16, 16], "texture": "#cross"}
			}
		},
		{
			"from": [8, 0, 0.8],
			"to": [8, 16, 15.2],
			"shade": false,
			"rotation": {"angle": 45, "axis": "y", "origin": [8, 8, 8], "rescale": true},
			"faces": {
				"east": {"uv": [0, 0, 16, 16], "texture": "#cross"},
				"west": {"uv": [0, 0, 16, 16], "texture": "#cross"}
			}
		},
		{
			"from": [7.5, 11, 7.5],
			"to": [8.5, 16, 8.5],
			"rotation": {"angle": 0, "axis": "z", "origin": [8, 8.25, 8]},
			"faces": {
				"north": {"uv": [7, 0, 8, 5], "rotation": 180, "texture": "#cross"},
				"east": {"uv": [7, 0, 8, 5], "rotation": 180, "texture": "#cross"},
				"south": {"uv": [7, 0, 8, 5], "rotation": 180, "texture": "#cross"},
				"west": {"uv": [7, 0, 8, 5], "rotation": 180, "texture": "#cross"},
				"up": {"uv": [0, 0, 0, 0], "rotation": 180, "texture": "#cross"}
			}
		},
		{
			"from": [7, 4, 7],
			"to": [9, 11, 9],
			"rotation": {"angle": 0, "axis": "z", "origin": [8, 8.25, 8]},
			"faces": {
				"north": {"uv": [7, 5, 9, 12], "rotation": 180, "texture": "#cross"},
				"east": {"uv": [7, 5, 9, 12], "rotation": 180, "texture": "#cross"},
				"south": {"uv": [7, 5, 9, 12], "rotation": 180, "texture": "#cross"},
				"west": {"uv": [7, 5, 9, 12], "rotation": 180, "texture": "#cross"},
				"up": {"uv": [7, 10, 9, 12], "rotation": 180, "texture": "#cross"}
			}
		},
		{
			"from": [6, 0, 6],
			"to": [10, 4, 10],
			"rotation": {"angle": 0, "axis": "z", "origin": [8, 8.25, 8]},
			"faces": {
				"north": {"uv": [6, 12, 10, 16], "rotation": 180, "texture": "#cross"},
				"east": {"uv": [6, 12, 10, 16], "rotation": 180, "texture": "#cross"},
				"south": {"uv": [6, 12, 10, 16], "rotation": 180, "texture": "#cross"},
				"west": {"uv": [6, 12, 10, 16], "rotation": 180, "texture": "#cross"},
				"up": {"uv": [6, 12, 10, 16], "rotation": 180, "texture": "#cross"},
				"down": {"uv": [5, 12, 9, 16], "texture": "#cross", "cullface": "down"}
			}
		}
	]
}