{
	"credit": "The Stardust System did something here",
	"textures": {
		"particle": "block/pointed_dripstone_up_tip",
		"cross": "block/pointed_dripstone_up_tip"
	},
	"elements": [
		{
			"from": [0.8, 0, 8],
			"to": [15.2, 16, 8],
			"shade": false,
			"rotation": {"angle": 45, "axis": "y", "origin": [8, 8, 8], "rescale": true},
			"faces": {
				"north": {"uv": [0, 0, 16, 16], "texture": "#cross"},
				"south": {"uv": [0, 0, 16, 16], "texture": "#cross"}
			}
		},
		{
			"from": [8, 0, 0.8],
			"to": [8, 16, 15.2],
			"shade": false,
			"rotation": {"angle": 45, "axis": "y", "origin": [8, 8, 8], "rescale": true},
			"faces": {
				"east": {"uv": [0, 0, 16, 16], "texture": "#cross"},
				"west": {"uv": [0, 0, 16, 16], "texture": "#cross"}
			}
		},
		{
			"from": [6, 0, 6],
			"to": [10, 3, 10],
			"rotation": {"angle": 0, "axis": "z", "origin": [8, 11, 8]},
			"faces": {
				"north": {"uv": [6, 12, 10, 15], "rotation": 180, "texture": "#cross"},
				"east": {"uv": [6, 12, 10, 15], "rotation": 180, "texture": "#cross"},
				"south": {"uv": [6, 12, 10, 15], "rotation": 180, "texture": "#cross"},
				"west": {"uv": [6, 12, 10, 15], "rotation": 180, "texture": "#cross"},
				"up": {"uv": [6, 12, 10, 16], "rotation": 180, "texture": "#cross"},
				"down": {"uv": [6, 12, 10, 16], "texture": "#cross", "cullface": "down"}
			}
		},
		{
			"from": [7, 3, 7],
			"to": [9, 7, 9],
			"rotation": {"angle": 0, "axis": "z", "origin": [8, 11, 8]},
			"faces": {
				"north": {"uv": [7, 9, 9, 13], "rotation": 180, "texture": "#cross"},
				"east": {"uv": [7, 9, 9, 13], "rotation": 180, "texture": "#cross"},
				"south": {"uv": [7, 9, 9, 13], "rotation": 180, "texture": "#cross"},
				"west": {"uv": [7, 9, 9, 13], "rotation": 180, "texture": "#cross"},
				"up": {"uv": [7, 9, 9, 11], "rotation": 180, "texture": "#cross"}
			}
		},
		{
			"from": [7.5, 7, 7.5],
			"to": [8.5, 10, 8.5],
			"rotation": {"angle": 0, "axis": "z", "origin": [8, 11, 8]},
			"faces": {
				"north": {"uv": [7, 6, 8, 9], "rotation": 180, "texture": "#cross"},
				"east": {"uv": [7, 6, 8, 9], "rotation": 180, "texture": "#cross"},
				"south": {"uv": [7, 6, 8, 9], "rotation": 180, "texture": "#cross"},
				"west": {"uv": [7, 6, 8, 9], "rotation": 180, "texture": "#cross"},
				"up": {"uv": [7, 6, 8, 7], "rotation": 180, "texture": "#cross"}
			}
		}
	]
}