{
	"credit": "The Stardust System did something here",
	"textures": {
		"particle": "block/pointed_dripstone_down_tip_merge",
		"cross": "block/pointed_dripstone_down_tip_merge"
	},
	"elements": [
		{
			"from": [0.8, 0, 8],
			"to": [15.2, 16, 8],
			"shade": false,
			"rotation": {"angle": 45, "axis": "y", "origin": [8, 8, 8], "rescale": true},
			"faces": {
				"north": {"uv": [0, 0, 16, 16], "texture": "#cross"},
				"south": {"uv": [0, 0, 16, 16], "texture": "#cross"}
			}
		},
		{
			"from": [8, 0, 0.8],
			"to": [8, 16, 15.2],
			"shade": false,
			"rotation": {"angle": 45, "axis": "y", "origin": [8, 8, 8], "rescale": true},
			"faces": {
				"east": {"uv": [0, 0, 16, 16], "texture": "#cross"},
				"west": {"uv": [0, 0, 16, 16], "texture": "#cross"}
			}
		},
		{
			"from": [7, 5, 7],
			"to": [9, 12, 9],
			"faces": {
				"north": {"uv": [7, 0, 9, 7], "texture": "#cross"},
				"east": {"uv": [7, 0, 9, 7], "texture": "#cross"},
				"south": {"uv": [7, 0, 9, 7], "texture": "#cross"},
				"west": {"uv": [7, 0, 9, 7], "texture": "#cross"},
				"down": {"uv": [7, 5, 9, 7], "texture": "#cross"}
			}
		},
		{
			"from": [6, 12, 6],
			"to": [10, 16, 10],
			"faces": {
				"north": {"uv": [6, 0, 10, 4], "texture": "#cross"},
				"east": {"uv": [6, 0, 10, 4], "texture": "#cross"},
				"south": {"uv": [6, 0, 10, 4], "texture": "#cross"},
				"west": {"uv": [6, 0, 10, 4], "texture": "#cross"},
				"up": {"uv": [5, 0, 9, 4], "texture": "#cross", "cullface": "up"},
				"down": {"uv": [6, 4, 10, 8], "texture": "#cross"}
			}
		},
		{
			"from": [7.5, 0, 7.5],
			"to": [8.5, 5, 8.5],
			"faces": {
				"north": {"uv": [7, 11, 8, 16], "texture": "#cross"},
				"east": {"uv": [7, 11, 8, 16], "texture": "#cross"},
				"south": {"uv": [7, 11, 8, 16], "texture": "#cross"},
				"west": {"uv": [7, 11, 8, 16], "texture": "#cross"}
			}
		}
	]
}