{
	"credit": "Stardust did something here",
	"parent": "block/thin_block",
	"textures": {
		"1": "block/birch_door_sides",
		"particle": "block/birch_trapdoor",
		"texture": "block/birch_trapdoor"
	},
	"elements": [
		{
			"name": "Left",
			"from": [0, 0, 0],
			"to": [3, 3, 16],
			"faces": {
				"north": {"uv": [4, 13, 7, 16], "rotation": 270, "texture": "#1", "cullface": "north"},
				"east": {"uv": [9, 0, 12, 16], "rotation": 90, "texture": "#1"},
				"south": {"uv": [4, 3, 7, 0], "rotation": 90, "texture": "#1", "cullface": "south"},
				"west": {"uv": [9, 0, 12, 16], "rotation": 90, "texture": "#1", "cullface": "west"},
				"up": {"uv": [16, 0, 13, 16], "texture": "#texture"},
				"down": {"uv": [0, 0, 3, 16], "texture": "#texture", "cullface": "down"}
			}
		},
		{
			"name": "Bottom",
			"from": [3, 0, 13],
			"to": [13, 3, 16],
			"rotation": {"angle": 0, "axis": "y", "origin": [3, 0, 0]},
			"faces": {
				"north": {"uv": [4, 3, 7, 13], "rotation": 90, "texture": "#1"},
				"south": {"uv": [4, 3, 7, 13], "rotation": 90, "texture": "#1", "cullface": "south"},
				"up": {"uv": [3, 0, 13, 3], "texture": "#texture"},
				"down": {"uv": [3, 0, 13, 3], "texture": "#texture", "cullface": "down"}
			}
		},
		{
			"name": "Bottom",
			"from": [3, 1, 3],
			"to": [13, 2, 13],
			"rotation": {"angle": 0, "axis": "y", "origin": [3, 0, -3]},
			"faces": {
				"up": {"uv": [3, 13, 13, 3], "texture": "#texture"},
				"down": {"uv": [3, 3, 13, 13], "texture": "#texture", "cullface": "down"}
			}
		},
		{
			"name": "Buldge",
			"from": [5, 0, 3],
			"to": [11, 3, 4],
			"rotation": {"angle": 0, "axis": "y", "origin": [3, 0, -10]},
			"faces": {
				"east": {"uv": [5, 12, 6, 13], "texture": "#texture"},
				"south": {"uv": [4, 6, 7, 12], "rotation": 90, "texture": "#1"},
				"west": {"uv": [10, 12, 11, 13], "texture": "#texture"},
				"up": {"uv": [5, 12, 11, 13], "texture": "#texture"},
				"down": {"uv": [5, 12, 11, 13], "texture": "#texture", "cullface": "down"}
			}
		},
		{
			"name": "Top",
			"from": [3, 0, 0],
			"to": [13, 3, 3],
			"rotation": {"angle": 0, "axis": "y", "origin": [3, 0, -11]},
			"faces": {
				"north": {"uv": [4, 3, 7, 13], "rotation": 90, "texture": "#1", "cullface": "north"},
				"south": {"uv": [9, 1, 12, 11], "rotation": 90, "texture": "#1"},
				"up": {"uv": [3, 16, 13, 13], "texture": "#texture"},
				"down": {"uv": [3, 13, 13, 16], "texture": "#texture", "cullface": "down"}
			}
		},
		{
			"name": "Right",
			"from": [13, 0, 0],
			"to": [16, 3, 16],
			"rotation": {"angle": 0, "axis": "y", "origin": [13, 0, 0]},
			"faces": {
				"north": {"uv": [4, 0, 7, 3], "rotation": 270, "texture": "#1", "cullface": "north"},
				"east": {"uv": [4, 0, 7, 16], "rotation": 90, "texture": "#1", "cullface": "east"},
				"south": {"uv": [4, 16, 7, 13], "rotation": 90, "texture": "#1", "cullface": "south"},
				"west": {"uv": [9, 0, 12, 16], "rotation": 90, "texture": "#1"},
				"up": {"uv": [3, 16, 0, 0], "texture": "#texture"},
				"down": {"uv": [13, 0, 16, 16], "texture": "#texture", "cullface": "down"}
			}
		}
	],
	"groups": [
		{
			"name": "Birch Trapdoor",
			"origin": [13, 0, 0],
			"color": 0,
			"children": [0, 1, 2, 3, 4, 5]
		}
	]
}