{
	"credit": "Butter did something here",
	"ambientocclusion": false,
	"textures": {
		"1": "block/iron_door_top_left",
		"2": "block/iron_door_sides",
		"3": "block/iron_door_top_right",
		"particle": "block/iron_door_top_left"
	},
	"elements": [
		{
			"name": "Top",
			"from": [0, 13, 0],
			"to": [3, 16, 16],
			"rotation": {"angle": 0, "axis": "y", "origin": [1.5, 7.5, 8]},
			"faces": {
				"north": {"uv": [3, 0, 6, 3], "texture": "#2", "cullface": "north"},
				"east": {"uv": [0, 0, 16, 3], "texture": "#1"},
				"south": {"uv": [0, 0, 3, 3], "texture": "#2", "cullface": "south"},
				"west": {"uv": [0, 0, 16, 3], "texture": "#3", "cullface": "west"},
				"up": {"uv": [3, 0, 6, 16], "rotation": 180, "texture": "#2", "cullface": "up"},
				"down": {"uv": [3, 0, 6, 16], "rotation": 180, "texture": "#2"}
			}
		},
		{
			"name": "Bottom",
			"from": [0, 2, 3],
			"to": [3, 5, 13],
			"rotation": {"angle": 0, "axis": "y", "origin": [1.5, 7.5, 8]},
			"faces": {
				"east": {"uv": [3, 11, 13, 14], "texture": "#1"},
				"west": {"uv": [3, 11, 13, 14], "texture": "#3", "cullface": "west"},
				"up": {"uv": [3, 3, 6, 13], "rotation": 180, "texture": "#2"},
				"down": {"uv": [6, 0, 9, 10], "rotation": 180, "texture": "#2"}
			}
		},
		{
			"name": "Middle 4",
			"from": [0, 0, 13],
			"to": [3, 13, 16],
			"rotation": {"angle": 0, "axis": "y", "origin": [1.5, 7.5, 8]},
			"faces": {
				"north": {"uv": [3, 2, 6, 15], "texture": "#2"},
				"east": {"uv": [0, 3, 3, 16], "texture": "#1"},
				"south": {"uv": [0, 3, 3, 16], "texture": "#2", "cullface": "south"},
				"west": {"uv": [13, 3, 16, 16], "texture": "#3", "cullface": "west"}
			}
		},
		{
			"name": "Middle 3",
			"from": [0, 5, 9],
			"to": [3, 13, 11],
			"rotation": {"angle": 0, "axis": "y", "origin": [1.5, 7.5, 8]},
			"faces": {
				"north": {"uv": [3, 0, 6, 8], "texture": "#2"},
				"east": {"uv": [5, 3, 7, 11], "texture": "#1"},
				"south": {"uv": [3, 8, 6, 16], "texture": "#2"},
				"west": {"uv": [11, 3, 9, 11], "texture": "#1", "cullface": "west"}
			}
		},
		{
			"name": "Middle 2",
			"from": [0, 5, 5],
			"to": [3, 13, 7],
			"rotation": {"angle": 0, "axis": "y", "origin": [1.5, 7.5, 8]},
			"faces": {
				"north": {"uv": [3, 8, 6, 16], "texture": "#2"},
				"east": {"uv": [9, 3, 11, 11], "texture": "#1"},
				"south": {"uv": [3, 0, 6, 8], "texture": "#2"},
				"west": {"uv": [7, 3, 5, 11], "texture": "#1", "cullface": "west"}
			}
		},
		{
			"name": "Middle 1",
			"from": [0, 0, 0],
			"to": [3, 13, 3],
			"rotation": {"angle": 0, "axis": "y", "origin": [1.5, 7.5, 8]},
			"faces": {
				"north": {"uv": [3, 3, 6, 16], "texture": "#2", "cullface": "north"},
				"east": {"uv": [13, 3, 16, 16], "texture": "#1"},
				"south": {"uv": [6, 0, 9, 13], "texture": "#2"},
				"west": {"uv": [0, 3, 3, 16], "texture": "#3", "cullface": "west"}
			}
		},
		{
			"name": "Handle",
			"from": [3, 1, 2],
			"to": [3.3, 2, 5],
			"rotation": {"angle": 0, "axis": "y", "origin": [1.5, 7.5, 8]},
			"faces": {
				"north": {"uv": [15, 14, 16, 15], "texture": "#2"},
				"east": {"uv": [13, 14, 16, 15], "texture": "#2"},
				"south": {"uv": [13, 14, 14, 15], "texture": "#2"},
				"west": {"uv": [16, 14, 13, 15], "texture": "#2"},
				"up": {"uv": [13, 14, 16, 15], "rotation": 270, "texture": "#2"},
				"down": {"uv": [16, 14, 13, 15], "rotation": 270, "texture": "#2"}
			}
		},
		{
			"name": "Handle",
			"from": [3, 0, 4],
			"to": [3.3, 1, 5],
			"rotation": {"angle": 0, "axis": "y", "origin": [1.5, 7.5, 8]},
			"faces": {
				"north": {"uv": [13, 15, 14, 16], "texture": "#2"},
				"east": {"uv": [13, 15, 14, 16], "texture": "#2"},
				"south": {"uv": [13, 15, 14, 16], "texture": "#2"},
				"west": {"uv": [13, 15, 14, 16], "texture": "#2"},
				"down": {"uv": [13, 15, 14, 16], "rotation": 180, "texture": "#2"}
			}
		},
		{
			"name": "Handle",
			"from": [-0.3, 1, 2],
			"to": [0, 2, 5],
			"rotation": {"angle": 0, "axis": "y", "origin": [1.5, 7.5, 8]},
			"faces": {
				"north": {"uv": [15, 14, 16, 15], "texture": "#2", "cullface": "west"},
				"east": {"uv": [13, 14, 16, 15], "texture": "#2", "cullface": "west"},
				"south": {"uv": [13, 14, 14, 15], "texture": "#2", "cullface": "west"},
				"west": {"uv": [16, 14, 13, 15], "texture": "#2", "cullface": "west"},
				"up": {"uv": [16, 14, 13, 15], "rotation": 90, "texture": "#2", "cullface": "west"},
				"down": {"uv": [13, 14, 16, 15], "rotation": 90, "texture": "#2", "cullface": "west"}
			}
		},
		{
			"name": "Handle",
			"from": [-0.3, 0, 4],
			"to": [0, 1, 5],
			"rotation": {"angle": 0, "axis": "y", "origin": [1.5, 7.5, 8]},
			"faces": {
				"north": {"uv": [13, 15, 14, 16], "texture": "#2", "cullface": "west"},
				"east": {"uv": [13, 15, 14, 16], "texture": "#2", "cullface": "west"},
				"south": {"uv": [13, 15, 14, 16], "texture": "#2", "cullface": "west"},
				"west": {"uv": [13, 15, 14, 16], "texture": "#2", "cullface": "west"},
				"down": {"uv": [13, 15, 14, 16], "texture": "#2", "cullface": "west"}
			}
		},
		{
			"name": "Inner",
			"from": [0.5, 0, 3],
			"to": [2.5, 2, 13],
			"rotation": {"angle": 0, "axis": "y", "origin": [1.5, 7.5, 8]},
			"faces": {
				"east": {"uv": [3, 14, 13, 16], "texture": "#1"},
				"west": {"uv": [3, 14, 13, 16], "texture": "#3", "cullface": "west"}
			}
		}
	],
	"groups": [
		{
			"name": "Iron Door",
			"origin": [0, 0, 0],
			"color": 0,
			"children": [0, 1, 2, 3, 4, 5, 6, 7, 8, 9, 10]
		}
	]
}