{
	"credit": "Stardust did something here",
	"ambientocclusion": false,
	"textures": {
		"1": "block/oak_door_bottom_left",
		"2": "block/oak_door_sides",
		"3": "block/oak_door_bottom_right",
		"particle": "block/oak_door_bottom_left"
	},
	"elements": [
		{
			"name": "Bottom",
			"from": [0, 0, 0],
			"to": [3, 3, 16],
			"rotation": {"angle": 0, "axis": "y", "origin": [1.5, 7.5, 8]},
			"faces": {
				"north": {"uv": [7, 13, 10, 16], "texture": "#2", "cullface": "north"},
				"east": {"uv": [0, 13, 16, 16], "texture": "#1"},
				"south": {"uv": [10, 13, 13, 16], "texture": "#2", "cullface": "south"},
				"west": {"uv": [0, 13, 16, 16], "texture": "#3", "cullface": "west"},
				"up": {"uv": [7, 0, 10, 16], "rotation": 180, "texture": "#2"},
				"down": {"uv": [7, 0, 10, 16], "rotation": 180, "texture": "#2", "cullface": "down"}
			}
		},
		{
			"name": "Left",
			"from": [0, 3, 13],
			"to": [3, 16, 16],
			"rotation": {"angle": 0, "axis": "y", "origin": [1.5, 7.5, 8]},
			"faces": {
				"north": {"uv": [2, 0, 3, 13], "texture": "#1"},
				"east": {"uv": [0, 0, 3, 13], "texture": "#1"},
				"south": {"uv": [10, 0, 13, 13], "texture": "#2", "cullface": "south"},
				"west": {"uv": [13, 0, 16, 13], "texture": "#3", "cullface": "west"}
			}
		},
		{
			"name": "Mid",
			"from": [0, 3, 7],
			"to": [3, 16, 9],
			"rotation": {"angle": 0, "axis": "y", "origin": [1.5, 7.5, 8]},
			"faces": {
				"north": {"uv": [8, 0, 9, 13], "texture": "#1"},
				"east": {"uv": [7, 0, 9, 13], "texture": "#1"},
				"south": {"uv": [8, 0, 9, 13], "texture": "#3"},
				"west": {"uv": [7, 0, 9, 13], "texture": "#3", "cullface": "west"}
			}
		},
		{
			"name": "Mid",
			"from": [0, 12, 3],
			"to": [3, 15, 13],
			"rotation": {"angle": 0, "axis": "y", "origin": [1.5, 7.5, 8]},
			"faces": {
				"east": {"uv": [3, 1, 13, 4], "texture": "#1"},
				"west": {"uv": [3, 1, 13, 4], "texture": "#3", "cullface": "west"},
				"up": {"uv": [3, 3, 6, 14], "rotation": 180, "texture": "#2"},
				"down": {"uv": [3, 4, 13, 3], "rotation": 270, "texture": "#3"}
			}
		},
		{
			"name": "Mid",
			"from": [0, 6, 3],
			"to": [3, 9, 13],
			"rotation": {"angle": 0, "axis": "y", "origin": [1.5, 7.5, 8]},
			"faces": {
				"east": {"uv": [3, 7, 13, 10], "texture": "#1"},
				"west": {"uv": [3, 7, 13, 10], "texture": "#3", "cullface": "west"},
				"up": {"uv": [9, 2, 12, 13], "rotation": 180, "texture": "#2"},
				"down": {"uv": [3, 9, 13, 10], "rotation": 270, "texture": "#3"}
			}
		},
		{
			"name": "Inner",
			"from": [0.5, 3, 3],
			"to": [2.5, 16, 13],
			"rotation": {"angle": 0, "axis": "y", "origin": [1.5, 7.5, 8]},
			"faces": {
				"east": {"uv": [3, 0, 13, 13], "texture": "#1"},
				"west": {"uv": [3, 0, 13, 13], "texture": "#3", "cullface": "west"}
			}
		},
		{
			"name": "Right",
			"from": [0, 3, 0],
			"to": [3, 16, 3],
			"rotation": {"angle": 0, "axis": "y", "origin": [1.5, 7.5, 8]},
			"faces": {
				"north": {"uv": [7, 0, 10, 13], "texture": "#2", "cullface": "north"},
				"east": {"uv": [13, 0, 16, 13], "texture": "#1"},
				"south": {"uv": [2, 0, 3, 13], "texture": "#3"},
				"west": {"uv": [0, 0, 3, 13], "texture": "#3", "cullface": "west"}
			}
		}
	],
	"groups": [
		{
			"name": "Oak Door",
			"origin": [8, 8, 8],
			"color": 0,
			"children": [0, 1, 2, 3, 4, 5, 6]
		}
	]
}