{
	"credit": "Butter did something here",
	"parent": "minecraft:block/door_top",
	"ambientocclusion": false,
	"textures": {
		"2": "block/oak_door_sides",
		"3": "block/oak_door_top_right",
		"particle": "block/oak_door_top_left",
		"top": "block/oak_door_top_left"
	},
	"elements": [
		{
			"name": "Left",
			"from": [0, 0, 13],
			"to": [3, 16, 16],
			"rotation": {"angle": 0, "axis": "y", "origin": [1.5, 7.5, 8]},
			"faces": {
				"north": {"uv": [7, 5, 10, 16], "texture": "#2"},
				"east": {"uv": [0, 0, 3, 16], "texture": "#3"},
				"south": {"uv": [3, 0, 6, 16], "texture": "#2", "cullface": "south"},
				"west": {"uv": [13, 0, 16, 16], "texture": "#top", "cullface": "west"},
				"up": {"uv": [3, 13, 6, 16], "texture": "#2", "cullface": "up"}
			}
		},
		{
			"name": "Top",
			"from": [0, 13, 3],
			"to": [3, 16, 13],
			"rotation": {"angle": 0, "axis": "y", "origin": [1.5, 7.5, 8]},
			"faces": {
				"east": {"uv": [3, 0, 13, 3], "texture": "#3"},
				"west": {"uv": [3, 0, 13, 3], "texture": "#top", "cullface": "west"},
				"up": {"uv": [6, 3, 3, 13], "texture": "#2", "cullface": "up"},
				"down": {"uv": [6, 11, 3, 1], "texture": "#2"}
			}
		},
		{
			"name": "Right",
			"from": [0, 0, 0],
			"to": [3, 16, 3],
			"rotation": {"angle": 0, "axis": "y", "origin": [1.5, 7.5, 8]},
			"faces": {
				"north": {"uv": [0, 0, 3, 16], "texture": "#2", "cullface": "north"},
				"east": {"uv": [13, 0, 16, 16], "texture": "#3"},
				"south": {"uv": [3, 3, 6, 16], "texture": "#2"},
				"west": {"uv": [0, 0, 3, 16], "texture": "#top", "cullface": "west"},
				"up": {"uv": [3, 0, 6, 3], "texture": "#2", "cullface": "up"}
			}
		},
		{
			"name": "Bottom",
			"from": [0, 2, 3],
			"to": [3, 5, 13],
			"rotation": {"angle": 0, "axis": "y", "origin": [1.5, 7.5, 8]},
			"faces": {
				"east": {"uv": [3, 11, 13, 14], "texture": "#3"},
				"west": {"uv": [3, 11, 13, 14], "texture": "#top", "cullface": "west"},
				"up": {"uv": [7, 16, 10, 3], "texture": "#2"},
				"down": {"uv": [3, 1, 6, 11], "texture": "#2"}
			}
		},
		{
			"name": "Cross1",
			"from": [0, 0, 7],
			"to": [3, 13, 9],
			"rotation": {"angle": 0, "axis": "y", "origin": [1.5, 7.5, 8]},
			"faces": {
				"north": {"uv": [3, 8, 6, 16], "texture": "#2"},
				"east": {"uv": [7, 3, 9, 16], "texture": "#3"},
				"south": {"uv": [7, 1, 10, 9], "texture": "#2"},
				"west": {"uv": [7, 3, 9, 16], "texture": "#top", "cullface": "west"}
			}
		},
		{
			"name": "Cross2",
			"from": [0, 8, 3],
			"to": [3, 10, 13],
			"rotation": {"angle": 0, "axis": "y", "origin": [1.5, 7.5, 8]},
			"faces": {
				"east": {"uv": [3, 6, 13, 8], "texture": "#3"},
				"west": {"uv": [3, 6, 13, 8], "texture": "#top", "cullface": "west"},
				"up": {"uv": [6, 11, 3, 1], "texture": "#2"},
				"down": {"uv": [10, 0, 7, 10], "texture": "#2"}
			}
		},
		{
			"name": "Interior",
			"from": [0.5, 0, 3],
			"to": [2.5, 2, 13],
			"rotation": {"angle": 0, "axis": "y", "origin": [1.5, 7.5, 8]},
			"faces": {
				"east": {"uv": [3, 14, 13, 16], "texture": "#3"},
				"west": {"uv": [3, 14, 13, 16], "texture": "#top", "cullface": "west"}
			}
		},
		{
			"name": "Handle",
			"from": [3, 1, 11],
			"to": [3.3, 2, 14],
			"rotation": {"angle": 0, "axis": "y", "origin": [1.5, 7.5, 8]},
			"faces": {
				"north": {"uv": [13, 14, 14, 15], "texture": "#2"},
				"east": {"uv": [16, 14, 13, 15], "texture": "#2"},
				"south": {"uv": [15, 14, 16, 15], "texture": "#2"},
				"west": {"uv": [13, 14, 16, 15], "texture": "#2"},
				"up": {"uv": [16, 14, 13, 15], "rotation": 270, "texture": "#2"},
				"down": {"uv": [16, 14, 13, 15], "rotation": 90, "texture": "#2"}
			}
		},
		{
			"name": "Handle",
			"from": [3, 0, 11],
			"to": [3.3, 1, 12],
			"rotation": {"angle": 0, "axis": "y", "origin": [1.5, 7.5, 8]},
			"faces": {
				"north": {"uv": [13, 15, 14, 16], "texture": "#2"},
				"east": {"uv": [13, 15, 14, 16], "texture": "#2"},
				"south": {"uv": [13, 15, 14, 16], "texture": "#2"},
				"west": {"uv": [14, 15, 13, 16], "texture": "#2"},
				"down": {"uv": [13, 15, 14, 16], "rotation": 90, "texture": "#2"}
			}
		},
		{
			"name": "Handle",
			"from": [-0.3, 1, 11],
			"to": [0, 2, 14],
			"rotation": {"angle": 0, "axis": "y", "origin": [1.5, 7.5, 8]},
			"faces": {
				"north": {"uv": [13, 14, 14, 15], "texture": "#2", "cullface": "west"},
				"east": {"uv": [16, 14, 13, 15], "texture": "#2", "cullface": "west"},
				"south": {"uv": [15, 14, 16, 15], "texture": "#2", "cullface": "west"},
				"west": {"uv": [13, 14, 16, 15], "texture": "#2", "cullface": "west"},
				"up": {"uv": [13, 14, 16, 15], "rotation": 90, "texture": "#2", "cullface": "west"},
				"down": {"uv": [13, 14, 16, 15], "rotation": 270, "texture": "#2", "cullface": "west"}
			}
		},
		{
			"name": "Handle",
			"from": [-0.3, 0, 11],
			"to": [0, 1, 12],
			"rotation": {"angle": 0, "axis": "y", "origin": [1.5, 7.5, 8]},
			"faces": {
				"north": {"uv": [13, 15, 14, 16], "texture": "#2", "cullface": "west"},
				"east": {"uv": [14, 15, 13, 16], "texture": "#2", "cullface": "west"},
				"south": {"uv": [13, 15, 14, 16], "texture": "#2", "cullface": "west"},
				"west": {"uv": [13, 15, 14, 16], "texture": "#2", "cullface": "west"},
				"down": {"uv": [13, 15, 14, 16], "rotation": 270, "texture": "#2", "cullface": "west"}
			}
		}
	],
	"groups": [
		{
			"name": "oak_door_top",
			"origin": [8, 8, 8],
			"color": 0,
			"children": [0, 1, 2, 3, 4, 5, 6, 7, 8, 9, 10]
		}
	]
}