{
	"credit": "Butter did something here",
	"ambientocclusion": false,
	"textures": {
		"1": "block/acacia_door_sides",
		"2": "block/acacia_door_bottom_right",
		"particle": "block/acacia_door_bottom",
		"bottom": "block/acacia_door_bottom"
	},
	"elements": [
		{
			"name": "1",
			"from": [0, 3, 13],
			"to": [3, 15, 16],
			"rotation": {"angle": 0, "axis": "y", "origin": [1.5, 8.5, 8]},
			"faces": {
				"north": {"uv": [6, 2, 9, 14], "texture": "#1"},
				"east": {"uv": [0, 1, 3, 13], "texture": "#2"},
				"south": {"uv": [6, 1, 9, 13], "texture": "#1", "cullface": "south"},
				"west": {"uv": [13, 1, 16, 13], "texture": "#bottom", "cullface": "west"}
			}
		},
		{
			"name": "2",
			"from": [0, 3, 9],
			"to": [3, 15, 11],
			"rotation": {"angle": 0, "axis": "y", "origin": [1.5, 8.5, 8]},
			"faces": {
				"north": {"uv": [3, 2, 6, 14], "texture": "#1"},
				"east": {"uv": [5, 1, 7, 13], "texture": "#2"},
				"south": {"uv": [6, 0, 9, 12], "texture": "#1"},
				"west": {"uv": [9, 1, 11, 13], "texture": "#bottom", "cullface": "west"}
			}
		},
		{
			"name": "3",
			"from": [0, 3, 5],
			"to": [3, 15, 7],
			"rotation": {"angle": 0, "axis": "y", "origin": [1.5, 8.5, 8]},
			"faces": {
				"north": {"uv": [3, 3, 6, 15], "texture": "#1"},
				"east": {"uv": [9, 1, 11, 13], "texture": "#2"},
				"south": {"uv": [6, 2, 9, 14], "texture": "#1"},
				"west": {"uv": [5, 1, 7, 13], "texture": "#bottom", "cullface": "west"}
			}
		},
		{
			"name": "4",
			"from": [0, 3, 0],
			"to": [3, 15, 3],
			"rotation": {"angle": 0, "axis": "y", "origin": [1.5, 8.5, 8]},
			"faces": {
				"north": {"uv": [12, 1, 9, 13], "texture": "#1", "cullface": "north"},
				"east": {"uv": [13, 1, 16, 13], "texture": "#2"},
				"south": {"uv": [3, 13, 6, 1], "texture": "#1"},
				"west": {"uv": [0, 1, 3, 13], "texture": "#bottom", "cullface": "west"}
			}
		},
		{
			"name": "5",
			"from": [0, 0, 0],
			"to": [3, 3, 16],
			"rotation": {"angle": 0, "axis": "y", "origin": [1.5, 8.5, 8]},
			"faces": {
				"north": {"uv": [12, 13, 9, 16], "texture": "#1", "cullface": "north"},
				"east": {"uv": [0, 13, 16, 16], "texture": "#2"},
				"south": {"uv": [6, 13, 9, 16], "texture": "#1", "cullface": "south"},
				"west": {"uv": [0, 13, 16, 16], "texture": "#bottom", "cullface": "west"},
				"up": {"uv": [6, 0, 9, 16], "texture": "#1"},
				"down": {"uv": [6, 0, 9, 16], "texture": "#1", "cullface": "down"}
			}
		},
		{
			"name": "6",
			"from": [0, 15, 0],
			"to": [3, 16, 16],
			"rotation": {"angle": 0, "axis": "y", "origin": [1.5, 8.5, 8]},
			"faces": {
				"north": {"uv": [12, 0, 9, 1], "texture": "#1", "cullface": "north"},
				"east": {"uv": [0, 0, 16, 1], "texture": "#2"},
				"south": {"uv": [6, 0, 9, 1], "texture": "#1", "cullface": "south"},
				"west": {"uv": [0, 0, 16, 1], "texture": "#bottom", "cullface": "west"},
				"down": {"uv": [6, 0, 9, 16], "texture": "#1"}
			}
		},
		{
			"name": "Knob",
			"from": [-0.3, 15, 14],
			"to": [0, 16, 15],
			"rotation": {"angle": 0, "axis": "y", "origin": [1.5, 8.5, 8]},
			"faces": {
				"north": {"uv": [14, 0, 15, 1], "texture": "#bottom", "cullface": "west"},
				"south": {"uv": [14, 0, 15, 1], "texture": "#bottom", "cullface": "west"},
				"west": {"uv": [14, 0, 15, 1], "texture": "#bottom", "cullface": "west"},
				"down": {"uv": [14, 0, 15, 1], "texture": "#bottom", "cullface": "west"}
			}
		},
		{
			"name": "Knob",
			"from": [3, 15, 14],
			"to": [3.3, 16, 15],
			"rotation": {"angle": 0, "axis": "y", "origin": [1.5, 8.5, 8]},
			"faces": {
				"north": {"uv": [14, 0, 15, 1], "texture": "#bottom"},
				"east": {"uv": [14, 0, 15, 1], "texture": "#bottom"},
				"south": {"uv": [14, 0, 15, 1], "texture": "#bottom"},
				"down": {"uv": [14, 0, 15, 1], "rotation": 180, "texture": "#bottom"}
			}
		}
	],
	"groups": [
		{
			"name": "Acacia Door",
			"origin": [0, 0, 0],
			"color": 0,
			"children": [0, 1, 2, 3, 4, 5, 6, 7]
		}
	]
}