{
	"credit": "Butter did something here",
	"ambientocclusion": false,
	"textures": {
		"1": "block/acacia_door_sides",
		"2": "block/acacia_door_top_right",
		"particle": "block/acacia_door_top"
	},
	"elements": [
		{
			"name": "1",
			"from": [0, 1, 13],
			"to": [3, 13, 16],
			"faces": {
				"north": {"uv": [3, 3, 6, 15], "texture": "#1"},
				"east": {"uv": [0, 3, 3, 15], "texture": "#2"},
				"south": {"uv": [3, 1, 6, 13], "texture": "#1", "cullface": "south"},
				"west": {"uv": [13, 3, 16, 15], "texture": "#particle", "cullface": "west"}
			}
		},
		{
			"name": "2",
			"from": [0, 1, 9],
			"to": [3, 13, 11],
			"faces": {
				"north": {"uv": [6, 3, 9, 15], "texture": "#1"},
				"east": {"uv": [5, 3, 7, 15], "texture": "#2"},
				"south": {"uv": [6, 0, 9, 12], "texture": "#1"},
				"west": {"uv": [9, 3, 11, 15], "texture": "#particle", "cullface": "west"}
			}
		},
		{
			"name": "3",
			"from": [0, 1, 5],
			"to": [3, 13, 7],
			"faces": {
				"north": {"uv": [6, 3, 9, 15], "texture": "#1"},
				"east": {"uv": [9, 3, 11, 15], "texture": "#2"},
				"south": {"uv": [6, 1, 9, 13], "texture": "#1"},
				"west": {"uv": [5, 3, 7, 15], "texture": "#particle", "cullface": "west"}
			}
		},
		{
			"name": "4",
			"from": [0, 1, 0],
			"to": [3, 13, 3],
			"faces": {
				"north": {"uv": [0, 3, 3, 15], "texture": "#1", "cullface": "north"},
				"east": {"uv": [13, 3, 16, 15], "texture": "#2"},
				"south": {"uv": [3, 14, 6, 2], "texture": "#1"},
				"west": {"uv": [0, 3, 3, 15], "texture": "#particle", "cullface": "west"}
			}
		},
		{
			"name": "5",
			"from": [0, 13, 0],
			"to": [3, 16, 16],
			"faces": {
				"north": {"uv": [0, 0, 3, 3], "texture": "#1", "cullface": "north"},
				"east": {"uv": [0, 0, 16, 3], "texture": "#2"},
				"south": {"uv": [3, 0, 6, 3], "texture": "#1", "cullface": "south"},
				"west": {"uv": [0, 0, 16, 3], "texture": "#particle", "cullface": "west"},
				"up": {"uv": [3, 0, 6, 16], "texture": "#1", "cullface": "up"},
				"down": {"uv": [3, 0, 6, 16], "texture": "#1"}
			}
		},
		{
			"name": "6",
			"from": [0, 0, 0],
			"to": [3, 1, 16],
			"faces": {
				"north": {"uv": [0, 15, 3, 16], "texture": "#1", "cullface": "north"},
				"east": {"uv": [0, 15, 16, 16], "texture": "#2"},
				"south": {"uv": [3, 15, 6, 16], "texture": "#1", "cullface": "south"},
				"west": {"uv": [0, 15, 16, 16], "texture": "#particle", "cullface": "west"},
				"up": {"uv": [3, 0, 6, 16], "texture": "#1"}
			}
		},
		{
			"name": "Knob",
			"from": [-0.3, 0, 12],
			"to": [0, 1, 15],
			"faces": {
				"north": {"uv": [12, 15, 13, 16], "texture": "#particle", "cullface": "west"},
				"south": {"uv": [14, 15, 15, 16], "texture": "#particle", "cullface": "west"},
				"west": {"uv": [12, 15, 15, 16], "texture": "#particle", "cullface": "west"},
				"up": {"uv": [12, 15, 15, 16], "rotation": 90, "texture": "#particle", "cullface": "west"},
				"down": {"uv": [15, 15, 12, 16], "rotation": 90, "texture": "#particle", "cullface": "west"}
			}
		},
		{
			"name": "Knob",
			"from": [3, 0, 12],
			"to": [3.3, 1, 15],
			"rotation": {"angle": 0, "axis": "x", "origin": [3.85, 0.5, 13.5]},
			"faces": {
				"north": {"uv": [12, 15, 13, 16], "rotation": 180, "texture": "#particle"},
				"east": {"uv": [12, 15, 15, 16], "rotation": 180, "texture": "#particle"},
				"south": {"uv": [14, 15, 15, 16], "rotation": 180, "texture": "#particle"},
				"up": {"uv": [15, 15, 12, 16], "rotation": 270, "texture": "#particle"},
				"down": {"uv": [12, 15, 15, 16], "rotation": 270, "texture": "#particle"}
			}
		}
	],
	"groups": [
		{
			"name": "Acacia Door",
			"origin": [0, 0, 0],
			"color": 0,
			"children": [0, 1, 2, 3, 4, 5, 6, 7]
		}
	]
}