{
	"credit": "Stardust did something here",
	"parent": "block/thin_block",
	"textures": {
		"1": "block/acacia_door_sides",
		"particle": "block/acacia_trapdoor",
		"texture": "block/acacia_trapdoor"
	},
	"elements": [
		{
			"from": [0, 0, 3],
			"to": [2, 3, 13],
			"faces": {
				"east": {"uv": [13, 3, 16, 13], "rotation": 90, "texture": "#1"},
				"west": {"uv": [13, 3, 16, 13], "rotation": 90, "texture": "#1", "cullface": "west"},
				"up": {"uv": [16, 3, 14, 13], "texture": "#texture"},
				"down": {"uv": [0, 3, 2, 13], "texture": "#texture"}
			}
		},
		{
			"from": [4, 0, 3],
			"to": [7, 3, 13],
			"rotation": {"angle": 0, "axis": "y", "origin": [4, 0, 0]},
			"faces": {
				"east": {"uv": [13, 3, 16, 13], "rotation": 90, "texture": "#1"},
				"west": {"uv": [13, 3, 16, 13], "rotation": 90, "texture": "#1"},
				"up": {"uv": [12, 3, 9, 13], "texture": "#texture"},
				"down": {"uv": [4, 3, 7, 13], "texture": "#texture"}
			}
		},
		{
			"from": [0, 0, 0],
			"to": [16, 3, 3],
			"rotation": {"angle": 0, "axis": "y", "origin": [4, 0, -3]},
			"faces": {
				"north": {"uv": [13, 0, 16, 16], "rotation": 90, "texture": "#1", "cullface": "north"},
				"east": {"uv": [13, 13, 16, 16], "rotation": 270, "texture": "#1", "cullface": "east"},
				"south": {"uv": [13, 0, 16, 16], "rotation": 90, "texture": "#1"},
				"west": {"uv": [13, 0, 16, 3], "rotation": 270, "texture": "#1", "cullface": "west"},
				"up": {"uv": [16, 16, 0, 13], "texture": "#texture"},
				"down": {"uv": [0, 13, 16, 16], "texture": "#texture"}
			}
		},
		{
			"from": [0, 0, 13],
			"to": [16, 3, 16],
			"rotation": {"angle": 0, "axis": "y", "origin": [4, 0, 10]},
			"faces": {
				"north": {"uv": [13, 0, 16, 16], "rotation": 90, "texture": "#1"},
				"east": {"uv": [13, 0, 16, 3], "rotation": 270, "texture": "#1", "cullface": "east"},
				"south": {"uv": [13, 0, 16, 16], "rotation": 90, "texture": "#1", "cullface": "south"},
				"west": {"uv": [13, 13, 16, 16], "rotation": 270, "texture": "#1", "cullface": "west"},
				"up": {"uv": [16, 3, 0, 0], "texture": "#texture"},
				"down": {"uv": [0, 0, 16, 3], "texture": "#texture"}
			}
		},
		{
			"from": [14, 0, 3],
			"to": [16, 3, 13],
			"rotation": {"angle": 0, "axis": "y", "origin": [14, 0, 0]},
			"faces": {
				"east": {"uv": [13, 3, 16, 13], "rotation": 90, "texture": "#1", "cullface": "east"},
				"west": {"uv": [13, 3, 16, 13], "rotation": 90, "texture": "#1"},
				"up": {"uv": [2, 3, 0, 13], "texture": "#texture"},
				"down": {"uv": [14, 3, 16, 13], "texture": "#texture"}
			}
		},
		{
			"from": [9, 0, 3],
			"to": [12, 3, 13],
			"rotation": {"angle": 0, "axis": "y", "origin": [10, 0, 0]},
			"faces": {
				"east": {"uv": [13, 3, 16, 13], "rotation": 90, "texture": "#1"},
				"west": {"uv": [13, 3, 16, 13], "rotation": 90, "texture": "#1"},
				"up": {"uv": [7, 3, 4, 13], "texture": "#texture"},
				"down": {"uv": [9, 3, 12, 13], "texture": "#texture"}
			}
		}
	],
	"groups": [
		{
			"name": "Acacia Trapdoor",
			"origin": [0, 0, 0],
			"color": 0,
			"children": [0, 1, 2, 3, 4, 5]
		}
	]
}