{
	"credit": "Stardust did something here",
	"parent": "block/thin_block",
	"textures": {
		"1": "block/acacia_door_sides",
		"particle": "block/acacia_trapdoor",
		"1_texture": "block/acacia_trapdoor"
	},
	"elements": [
		{
			"from": [14, 3, 13],
			"to": [16, 13, 16],
			"rotation": {"angle": 0, "axis": "y", "origin": [8, 8, 14.5]},
			"faces": {
				"north": {"uv": [16, 3, 14, 13], "texture": "#1_texture"},
				"east": {"uv": [13, 3, 16, 13], "rotation": 180, "texture": "#1", "cullface": "east"},
				"south": {"uv": [0, 3, 2, 13], "rotation": 180, "texture": "#1_texture"},
				"west": {"uv": [13, 3, 16, 13], "texture": "#1"}
			}
		},
		{
			"from": [9, 3, 13],
			"to": [12, 13, 16],
			"rotation": {"angle": 0, "axis": "y", "origin": [8, 8, 14.5]},
			"faces": {
				"north": {"uv": [12, 3, 9, 13], "texture": "#1_texture"},
				"east": {"uv": [13, 3, 16, 13], "rotation": 180, "texture": "#1"},
				"south": {"uv": [4, 3, 7, 13], "rotation": 180, "texture": "#1_texture"},
				"west": {"uv": [13, 3, 16, 13], "texture": "#1"}
			}
		},
		{
			"from": [0, 13, 13],
			"to": [16, 16, 16],
			"rotation": {"angle": 0, "axis": "y", "origin": [8, 8, 14.5]},
			"faces": {
				"north": {"uv": [16, 16, 0, 13], "texture": "#1_texture"},
				"east": {"uv": [13, 0, 16, 3], "texture": "#1", "cullface": "east"},
				"south": {"uv": [0, 13, 16, 16], "rotation": 180, "texture": "#1_texture"},
				"west": {"uv": [13, 13, 16, 16], "rotation": 180, "texture": "#1", "cullface": "west"},
				"up": {"uv": [13, 0, 16, 16], "rotation": 90, "texture": "#1", "cullface": "up"},
				"down": {"uv": [13, 0, 16, 16], "rotation": 270, "texture": "#1"}
			}
		},
		{
			"from": [0, 0, 13],
			"to": [16, 3, 16],
			"rotation": {"angle": 0, "axis": "y", "origin": [8, 8, 14.5]},
			"faces": {
				"north": {"uv": [16, 3, 0, 0], "texture": "#1_texture"},
				"east": {"uv": [13, 13, 16, 16], "texture": "#1", "cullface": "east"},
				"south": {"uv": [0, 0, 16, 3], "rotation": 180, "texture": "#1_texture"},
				"west": {"uv": [13, 0, 16, 3], "rotation": 180, "texture": "#1", "cullface": "west"},
				"up": {"uv": [13, 0, 16, 16], "rotation": 90, "texture": "#1"},
				"down": {"uv": [13, 0, 16, 16], "rotation": 270, "texture": "#1", "cullface": "down"}
			}
		},
		{
			"from": [0, 3, 13],
			"to": [2, 13, 16],
			"rotation": {"angle": 0, "axis": "y", "origin": [8, 8, 14.5]},
			"faces": {
				"north": {"uv": [2, 3, 0, 13], "texture": "#1_texture"},
				"east": {"uv": [13, 3, 16, 13], "rotation": 180, "texture": "#1"},
				"south": {"uv": [14, 3, 16, 13], "rotation": 180, "texture": "#1_texture"},
				"west": {"uv": [13, 3, 16, 13], "texture": "#1", "cullface": "west"}
			}
		},
		{
			"from": [4, 3, 13],
			"to": [7, 13, 16],
			"rotation": {"angle": 0, "axis": "y", "origin": [8, 8, 14.5]},
			"faces": {
				"north": {"uv": [7, 3, 4, 13], "texture": "#1_texture"},
				"east": {"uv": [13, 3, 16, 13], "rotation": 180, "texture": "#1"},
				"south": {"uv": [9, 3, 12, 13], "rotation": 180, "texture": "#1_texture"},
				"west": {"uv": [13, 3, 16, 13], "texture": "#1"}
			}
		}
	],
	"groups": [
		{
			"name": "Acacia Trapdoor",
			"origin": [0, 0, 0],
			"color": 0,
			"children": [0, 1, 2, 3, 4, 5]
		}
	]
}