{
	"credit": "Stardust did something here",
	"ambientocclusion": false,
	"textures": {
		"1": "block/cherry_door_bottom_right",
		"2": "block/cherry_door_sides",
		"particle": "block/cherry_door_bottom",
		"bottom": "block/cherry_door_bottom"
	},
	"elements": [
		{
			"name": "Right Pillar",
			"from": [0, 0, 0],
			"to": [3, 16, 3],
			"rotation": {"angle": 0, "axis": "y", "origin": [1.5, 10.5, 8]},
			"faces": {
				"north": {"uv": [6, 0, 9, 16], "texture": "#2", "cullface": "north"},
				"east": {"uv": [13, 0, 16, 16], "texture": "#bottom"},
				"south": {"uv": [7, 0, 8, 16], "texture": "#2"},
				"west": {"uv": [0, 0, 3, 16], "texture": "#1", "cullface": "west"},
				"down": {"uv": [6, 0, 9, 3], "rotation": 180, "texture": "#2", "cullface": "down"}
			}
		},
		{
			"name": "Left Pillar",
			"from": [0, 0, 13],
			"to": [3, 16, 16],
			"rotation": {"angle": 0, "axis": "y", "origin": [1.5, 10.5, 8]},
			"faces": {
				"north": {"uv": [7, 0, 8, 16], "texture": "#2"},
				"east": {"uv": [0, 0, 3, 16], "texture": "#bottom"},
				"south": {"uv": [9, 0, 12, 16], "texture": "#2", "cullface": "south"},
				"west": {"uv": [13, 0, 16, 16], "texture": "#1", "cullface": "west"},
				"down": {"uv": [6, 13, 9, 16], "rotation": 180, "texture": "#2", "cullface": "down"}
			}
		},
		{
			"name": "Insides",
			"from": [1, 0, 3],
			"to": [2, 11, 13],
			"rotation": {"angle": 0, "axis": "y", "origin": [1.5, 10.5, 8]},
			"faces": {
				"east": {"uv": [3, 5, 13, 16], "texture": "#1"},
				"west": {"uv": [3, 5, 13, 16], "texture": "#1"},
				"down": {"uv": [7, 3, 8, 13], "rotation": 180, "texture": "#2", "cullface": "down"}
			}
		},
		{
			"name": "Boards",
			"from": [2, 0, 4],
			"to": [2.5, 11, 6],
			"rotation": {"angle": 0, "axis": "y", "origin": [1.5, 10.5, 8]},
			"faces": {
				"north": {"uv": [7, 4, 8, 15], "texture": "#2"},
				"east": {"uv": [10, 5, 12, 16], "texture": "#1"},
				"south": {"uv": [7, 2, 8, 13], "texture": "#2"},
				"down": {"uv": [6, 4, 7, 6], "rotation": 180, "texture": "#2", "cullface": "down"}
			}
		},
		{
			"name": "Boards",
			"from": [2, 0, 7],
			"to": [2.5, 11, 9],
			"rotation": {"angle": 0, "axis": "y", "origin": [1.5, 10.5, 8]},
			"faces": {
				"north": {"uv": [7, 2, 8, 13], "texture": "#2"},
				"east": {"uv": [7, 5, 9, 16], "texture": "#1"},
				"south": {"uv": [4, 1, 5, 12], "texture": "#2"},
				"down": {"uv": [6, 7, 7, 9], "rotation": 180, "texture": "#2", "cullface": "down"}
			}
		},
		{
			"name": "Boards",
			"from": [2, 0, 10],
			"to": [2.5, 11, 12],
			"rotation": {"angle": 0, "axis": "y", "origin": [1.5, 10.5, 8]},
			"faces": {
				"north": {"uv": [4, 4, 5, 15], "texture": "#2"},
				"east": {"uv": [4, 5, 6, 16], "texture": "#1"},
				"south": {"uv": [7, 1, 8, 12], "texture": "#2"},
				"down": {"uv": [6, 10, 7, 12], "rotation": 180, "texture": "#2", "cullface": "down"}
			}
		},
		{
			"name": "Boards",
			"from": [0.5, 0, 10],
			"to": [1, 11, 12],
			"rotation": {"angle": 0, "axis": "y", "origin": [1.5, 10.5, 8]},
			"faces": {
				"north": {"uv": [7, 2, 8, 13], "texture": "#2"},
				"south": {"uv": [7, 4, 8, 15], "texture": "#2"},
				"west": {"uv": [10, 5, 12, 16], "texture": "#1"},
				"down": {"uv": [6, 4, 7, 6], "texture": "#2", "cullface": "down"}
			}
		},
		{
			"name": "Boards",
			"from": [0.5, 0, 7],
			"to": [1, 11, 9],
			"rotation": {"angle": 0, "axis": "y", "origin": [1.5, 10.5, 8]},
			"faces": {
				"north": {"uv": [4, 1, 5, 12], "texture": "#2"},
				"south": {"uv": [7, 2, 8, 13], "texture": "#2"},
				"west": {"uv": [7, 5, 9, 16], "texture": "#1"},
				"down": {"uv": [6, 7, 7, 9], "texture": "#2", "cullface": "down"}
			}
		},
		{
			"name": "Boards",
			"from": [0.5, 0, 4],
			"to": [1, 11, 6],
			"rotation": {"angle": 0, "axis": "y", "origin": [1.5, 10.5, 8]},
			"faces": {
				"north": {"uv": [7, 1, 8, 12], "texture": "#2"},
				"south": {"uv": [4, 4, 5, 15], "texture": "#2"},
				"west": {"uv": [4, 5, 6, 16], "texture": "#1"},
				"down": {"uv": [6, 10, 7, 12], "texture": "#2", "cullface": "down"}
			}
		},
		{
			"from": [3, 10, 9],
			"to": [3.3, 12, 10],
			"rotation": {"angle": 0, "axis": "y", "origin": [1.5, 10.5, 8]},
			"faces": {
				"north": {"uv": [7, 4, 6.7, 6], "texture": "#bottom"},
				"east": {"uv": [6, 4, 7, 6], "texture": "#bottom"},
				"south": {"uv": [6, 4, 6.3, 6], "texture": "#bottom"},
				"west": {"uv": [0, 0, 1, 2], "texture": "#missing"},
				"up": {"uv": [6, 4, 7, 4.3], "rotation": 270, "texture": "#bottom"},
				"down": {"uv": [6, 6, 7, 5.7], "rotation": 270, "texture": "#bottom"}
			}
		},
		{
			"from": [3, 10, 6],
			"to": [3.3, 12, 7],
			"rotation": {"angle": 0, "axis": "y", "origin": [1.5, 10.5, 8]},
			"faces": {
				"north": {"uv": [10, 4, 9.7, 6], "texture": "#bottom"},
				"east": {"uv": [9, 4, 10, 6], "texture": "#bottom"},
				"south": {"uv": [9, 4, 9.3, 6], "texture": "#bottom"},
				"west": {"uv": [0, 0, 1, 2], "texture": "#missing"},
				"up": {"uv": [9, 4, 10, 4.3], "rotation": 270, "texture": "#bottom"},
				"down": {"uv": [9, 6, 10, 5.7], "rotation": 270, "texture": "#bottom"}
			}
		},
		{
			"from": [3, 9, 7],
			"to": [3.3, 10, 9],
			"rotation": {"angle": 0, "axis": "y", "origin": [1.5, 10.5, 8]},
			"faces": {
				"north": {"uv": [8.7, 6, 9, 7], "rotation": 90, "texture": "#bottom"},
				"east": {"uv": [7, 6, 9, 7], "texture": "#bottom"},
				"south": {"uv": [7.3, 6, 7, 7], "texture": "#bottom"},
				"west": {"uv": [0, 0, 1, 2], "rotation": 270, "texture": "#missing"},
				"up": {"uv": [7, 6, 9, 6.3], "rotation": 270, "texture": "#bottom"},
				"down": {"uv": [7, 7, 9, 6.7], "rotation": 270, "texture": "#bottom"}
			}
		},
		{
			"from": [3, 12, 7],
			"to": [3.3, 13, 9],
			"rotation": {"angle": 0, "axis": "y", "origin": [1.5, 10.5, 8]},
			"faces": {
				"north": {"uv": [8.7, 3, 9, 4], "rotation": 90, "texture": "#bottom"},
				"east": {"uv": [7, 3, 9, 4], "texture": "#bottom"},
				"south": {"uv": [7.3, 3, 7, 4], "texture": "#bottom"},
				"up": {"uv": [7, 3, 9, 3.3], "rotation": 270, "texture": "#bottom"},
				"down": {"uv": [7, 4, 9, 3.7], "rotation": 270, "texture": "#bottom"}
			}
		},
		{
			"from": [-0.3, 10, 6],
			"to": [0, 12, 7],
			"rotation": {"angle": 0, "axis": "y", "origin": [1.5, 10.5, 8]},
			"faces": {
				"north": {"uv": [6, 4, 6.3, 6], "texture": "#bottom", "cullface": "west"},
				"east": {"uv": [0, 0, 1, 2], "texture": "#missing", "cullface": "west"},
				"south": {"uv": [7, 4, 6.7, 6], "texture": "#bottom", "cullface": "west"},
				"west": {"uv": [6, 4, 7, 6], "texture": "#bottom", "cullface": "west"},
				"up": {"uv": [6, 4, 7, 4.3], "rotation": 90, "texture": "#bottom", "cullface": "west"},
				"down": {"uv": [6, 6, 7, 5.7], "rotation": 90, "texture": "#bottom", "cullface": "west"}
			}
		},
		{
			"from": [-0.3, 10, 9],
			"to": [0, 12, 10],
			"rotation": {"angle": 0, "axis": "y", "origin": [1.5, 10.5, 8]},
			"faces": {
				"north": {"uv": [9, 4, 9.3, 6], "texture": "#bottom", "cullface": "west"},
				"east": {"uv": [0, 0, 1, 2], "texture": "#missing", "cullface": "west"},
				"south": {"uv": [10, 4, 9.7, 6], "texture": "#bottom", "cullface": "west"},
				"west": {"uv": [9, 4, 10, 6], "texture": "#bottom", "cullface": "west"},
				"up": {"uv": [9, 4, 10, 4.3], "rotation": 90, "texture": "#bottom", "cullface": "west"},
				"down": {"uv": [9, 6, 10, 5.7], "rotation": 90, "texture": "#bottom", "cullface": "west"}
			}
		},
		{
			"from": [-0.3, 9, 7],
			"to": [0, 10, 9],
			"rotation": {"angle": 0, "axis": "y", "origin": [1.5, 10.5, 8]},
			"faces": {
				"north": {"uv": [7.3, 6, 7, 7], "texture": "#bottom", "cullface": "west"},
				"east": {"uv": [0, 0, 1, 2], "rotation": 270, "texture": "#missing", "cullface": "west"},
				"south": {"uv": [8.7, 6, 9, 7], "rotation": 90, "texture": "#bottom", "cullface": "west"},
				"west": {"uv": [7, 6, 9, 7], "texture": "#bottom", "cullface": "west"},
				"up": {"uv": [7, 6, 9, 6.3], "rotation": 90, "texture": "#bottom", "cullface": "west"},
				"down": {"uv": [7, 7, 9, 6.7], "rotation": 90, "texture": "#bottom", "cullface": "west"}
			}
		},
		{
			"from": [-0.3, 12, 7],
			"to": [0, 13, 9],
			"rotation": {"angle": 0, "axis": "y", "origin": [1.5, 10.5, 8]},
			"faces": {
				"north": {"uv": [7.3, 3, 7, 4], "texture": "#bottom", "cullface": "west"},
				"south": {"uv": [8.7, 3, 9, 4], "rotation": 90, "texture": "#bottom", "cullface": "west"},
				"west": {"uv": [7, 3, 9, 4], "texture": "#bottom", "cullface": "west"},
				"up": {"uv": [7, 3, 9, 3.3], "rotation": 90, "texture": "#bottom", "cullface": "west"},
				"down": {"uv": [7, 4, 9, 3.7], "rotation": 90, "texture": "#bottom", "cullface": "west"}
			}
		},
		{
			"name": "Top",
			"from": [0, 11, 3],
			"to": [3, 15, 13],
			"rotation": {"angle": 0, "axis": "y", "origin": [1.5, 10.5, 8]},
			"faces": {
				"east": {"uv": [3, 1, 13, 5], "texture": "#1"},
				"west": {"uv": [3, 1, 13, 5], "texture": "#1", "cullface": "west"},
				"up": {"uv": [3, 1, 13, 4], "rotation": 270, "texture": "#1"},
				"down": {"uv": [6, 2, 9, 12], "rotation": 180, "texture": "#2"}
			}
		},
		{
			"name": "Top",
			"from": [1, 15, 11],
			"to": [2, 16, 13],
			"rotation": {"angle": 0, "axis": "y", "origin": [1.5, 10.5, 8]},
			"faces": {
				"north": {"uv": [4, 0, 5, 1], "texture": "#1"},
				"east": {"uv": [3, 0, 5, 1], "texture": "#bottom"},
				"west": {"uv": [5, 0, 3, 1], "texture": "#1"},
				"up": {"uv": [3, 0, 5, 1], "rotation": 270, "texture": "#1"}
			}
		},
		{
			"name": "Top",
			"from": [1, 15, 3],
			"to": [2, 16, 5],
			"rotation": {"angle": 0, "axis": "y", "origin": [1.5, 10.5, 8]},
			"faces": {
				"east": {"uv": [13, 0, 11, 1], "texture": "#1"},
				"south": {"uv": [11, 0, 12, 1], "texture": "#1"},
				"west": {"uv": [3, 0, 5, 1], "texture": "#bottom"},
				"up": {"uv": [11, 0, 13, 1], "rotation": 90, "texture": "#1"}
			}
		},
		{
			"name": "Top",
			"from": [1, 15, 6],
			"to": [2, 16, 10],
			"rotation": {"angle": 0, "axis": "y", "origin": [1.5, 10.5, 8]},
			"faces": {
				"north": {"uv": [9, 0, 10, 1], "texture": "#1"},
				"east": {"uv": [6, 0, 10, 1], "texture": "#bottom"},
				"south": {"uv": [6, 0, 7, 1], "texture": "#1"},
				"west": {"uv": [10, 0, 6, 1], "texture": "#1"},
				"up": {"uv": [6, 0, 10, 1], "rotation": 270, "texture": "#1"}
			}
		}
	],
	"groups": [
		{
			"name": "Cherry Door",
			"origin": [0, 0, 0],
			"color": 0,
			"children": [
				0,
				1,
				2,
				{
					"name": "Boards",
					"origin": [0, 0, 0],
					"color": 0,
					"children": [3, 4, 5]
				},
				{
					"name": "Boards 2",
					"origin": [0, 0, 0],
					"color": 0,
					"children": [6, 7, 8]
				},
				{
					"name": "Handle",
					"origin": [-0.15, 9, 8.5],
					"color": 0,
					"children": [9, 10, 11, 12]
				},
				{
					"name": "Handle",
					"origin": [-0.15, 9, 8.5],
					"color": 0,
					"children": [13, 14, 15, 16]
				},
				17,
				18,
				19,
				20
			]
		}
	]
}