{
	"credit": "Butter did something here",
	"ambientocclusion": false,
	"textures": {
		"1": "block/crimson_door_bottom",
		"2": "block/crimson_door_sides",
		"particle": "block/crimson_door_bottom"
	},
	"elements": [
		{
			"name": "Lonk",
			"from": [0, 6, 0.05],
			"to": [3, 11, 15.95],
			"faces": {
				"north": {"uv": [0, 5, 3, 10], "texture": "#2"},
				"east": {"uv": [0, 5, 16, 10], "texture": "#1"},
				"south": {"uv": [4, 5, 7, 10], "texture": "#2"},
				"west": {"uv": [0, 5, 16, 10], "texture": "#1"},
				"up": {"uv": [4, 0, 7, 16], "texture": "#2"},
				"down": {"uv": [9, 9, 10, 10], "texture": "#1"}
			}
		},
		{
			"name": "Plank 1",
			"from": [0.3, 0, 0],
			"to": [2.7, 16, 4],
			"faces": {
				"north": {"uv": [0, 0, 3, 16], "texture": "#2"},
				"east": {"uv": [4, 0, 0, 16], "texture": "#1"},
				"south": {"uv": [2, 0, 4, 16], "texture": "#1"},
				"west": {"uv": [0, 0, 4, 16], "texture": "#1"},
				"down": {"uv": [4, 12, 7, 16], "texture": "#2"}
			}
		},
		{
			"name": "Middle Part",
			"from": [0.8, 0.1, 0.1],
			"to": [2.2, 16, 15.9],
			"faces": {
				"east": {"uv": [16, 0, 0, 16], "texture": "#1"},
				"west": {"uv": [16, 0, 0, 16], "texture": "#1"},
				"down": {"uv": [5, 0, 6, 16], "texture": "#2"}
			}
		},
		{
			"name": "Plank 2",
			"from": [0.3, 0, 5],
			"to": [2.7, 16, 11],
			"faces": {
				"north": {"uv": [5, 0, 7, 16], "texture": "#1"},
				"east": {"uv": [5, 0, 11, 16], "texture": "#1"},
				"south": {"uv": [9, 0, 11, 16], "texture": "#1"},
				"west": {"uv": [5, 0, 11, 16], "texture": "#1"},
				"down": {"uv": [7, 5, 4, 11], "texture": "#2"}
			}
		},
		{
			"name": "Plank 3",
			"from": [0.3, 0, 12],
			"to": [2.7, 16, 16],
			"faces": {
				"north": {"uv": [12, 0, 14, 16], "texture": "#1"},
				"east": {"uv": [16, 0, 12, 16], "texture": "#1"},
				"south": {"uv": [4, 0, 7, 16], "texture": "#2"},
				"west": {"uv": [12, 0, 16, 16], "texture": "#1"},
				"down": {"uv": [4, 0, 7, 4], "texture": "#2"}
			}
		},
		{
			"name": "Door Ring 1",
			"from": [-0.1, 15, 11],
			"to": [0.3, 16, 14],
			"faces": {
				"north": {"uv": [11, 0, 13.5, 1], "texture": "#1"},
				"east": {"uv": [11, 0, 14, 1], "texture": "#1"},
				"south": {"uv": [11, 0, 11.5, 1], "texture": "#1"},
				"west": {"uv": [11, 0, 12, 1], "texture": "#1"},
				"up": {"uv": [11, 0, 14, 1], "texture": "#1"},
				"down": {"uv": [11, 0, 11.5, 1], "texture": "#1"}
			}
		},
		{
			"name": "Door Ring 2",
			"from": [2.7, 15, 11],
			"to": [3.1, 16, 14],
			"faces": {
				"north": {"uv": [11, 0, 13.5, 1], "texture": "#1"},
				"east": {"uv": [11, 0, 14, 1], "texture": "#1"},
				"south": {"uv": [11, 0, 11.5, 1], "texture": "#1"},
				"west": {"uv": [11, 0, 12, 1], "texture": "#1"},
				"up": {"uv": [11, 0, 14, 1], "texture": "#1"},
				"down": {"uv": [11, 0, 11.5, 1], "texture": "#1"}
			}
		}
	],
	"groups": [
		{
			"name": "crimson_door_top",
			"origin": [0, 0, 0],
			"color": 0,
			"children": [0, 1, 2, 3, 4, 5, 6]
		}
	]
}