{
	"credit": "Made with Blockbench",
	"parent": "minecraft:block/rail_flat",
	"ambientocclusion": false,
	"textures": {
		"2": "block/rails/rail_metal",
		"3": "block/rails/activator_rail_wood",
		"particle": "block/activator_rail"
	},
	"elements": [
		{
			"name": "Rail 2",
			"from": [12, 9.19912, -3.80798],
			"to": [14, 10.19912, 18.81702],
			"rotation": {"angle": -45, "axis": "x", "origin": [8, 10.69912, 7.99202]},
			"faces": {
				"north": {"uv": [14, 0, 12, 1], "texture": "#2"},
				"east": {"uv": [14, 0, 13, 16], "rotation": 90, "texture": "#2"},
				"south": {"uv": [14, 15, 12, 16], "rotation": 180, "texture": "#2"},
				"west": {"uv": [13, 0, 12, 16], "rotation": 270, "texture": "#2"},
				"up": {"uv": [14, 16, 12, 0], "rotation": 180, "texture": "#2"},
				"down": {"uv": [14, 0, 12, 16], "rotation": 180, "texture": "#2"}
			}
		},
		{
			"name": "Rail 1",
			"from": [2, 9.19912, -3.80798],
			"to": [4, 10.19912, 18.81702],
			"rotation": {"angle": -45, "axis": "x", "origin": [8, 10.69912, 7.99202]},
			"faces": {
				"north": {"uv": [4, 0, 2, 1], "texture": "#2"},
				"east": {"uv": [4, 0, 3, 16], "rotation": 90, "texture": "#2"},
				"south": {"uv": [4, 15, 2, 16], "rotation": 180, "texture": "#2"},
				"west": {"uv": [3, 0, 2, 16], "rotation": 270, "texture": "#2"},
				"up": {"uv": [4, 16, 2, 0], "rotation": 180, "texture": "#2"},
				"down": {"uv": [4, 0, 2, 16], "rotation": 180, "texture": "#2"}
			}
		},
		{
			"name": "Stilt 2",
			"from": [12, 0.05171, 0.00171],
			"to": [14, 2.00171, 1.00171],
			"rotation": {"angle": 0, "axis": "y", "origin": [3, 1.99668, 0.97206]},
			"faces": {
				"north": {"uv": [14, 15, 12, 16], "texture": "#2"},
				"east": {"uv": [13, 15, 14, 16], "rotation": 90, "texture": "#2"},
				"south": {"uv": [14, 15, 12, 16], "rotation": 180, "texture": "#2"},
				"west": {"uv": [12, 15, 13, 16], "rotation": 90, "texture": "#2"},
				"up": {"uv": [14, 16, 12, 15], "rotation": 180, "texture": "#2"},
				"down": {"uv": [14, 15, 12, 16], "rotation": 180, "texture": "#2"}
			}
		},
		{
			"name": "Stilt 1",
			"from": [2, 0.05171, 0.00171],
			"to": [4, 2.00171, 1.00171],
			"rotation": {"angle": 0, "axis": "y", "origin": [3, 1.99668, 0.97206]},
			"faces": {
				"north": {"uv": [4, 15, 2, 16], "texture": "#2"},
				"east": {"uv": [3, 15, 4, 16], "rotation": 90, "texture": "#2"},
				"south": {"uv": [4, 15, 2, 16], "rotation": 180, "texture": "#2"},
				"west": {"uv": [2, 15, 3, 16], "rotation": 90, "texture": "#2"},
				"up": {"uv": [4, 16, 2, 15], "rotation": 180, "texture": "#2"},
				"down": {"uv": [4, 15, 2, 16], "rotation": 180, "texture": "#2"}
			}
		},
		{
			"name": "Wood",
			"from": [1, 8.19912, -1.50798],
			"to": [15, 9.19912, 0.49202],
			"rotation": {"angle": -45, "axis": "x", "origin": [8, 10.69912, 7.99202]},
			"faces": {
				"north": {"uv": [15, 1, 1, 2], "texture": "#3"},
				"east": {"uv": [14, 3, 15, 1], "rotation": 270, "texture": "#3"},
				"south": {"uv": [15, 2, 1, 3], "rotation": 180, "texture": "#3"},
				"west": {"uv": [1, 1, 2, 3], "rotation": 90, "texture": "#3"},
				"up": {"uv": [15, 3, 1, 1], "rotation": 180, "texture": "#3"},
				"down": {"uv": [15, 1, 1, 3], "rotation": 180, "texture": "#3"}
			}
		},
		{
			"name": "Wood",
			"from": [1, 8.19912, 3.99202],
			"to": [15, 9.19912, 5.99202],
			"rotation": {"angle": -45, "axis": "x", "origin": [8, 10.69912, 7.99202]},
			"faces": {
				"north": {"uv": [15, 5, 1, 6], "texture": "#3"},
				"east": {"uv": [14, 7, 15, 5], "rotation": 270, "texture": "#3"},
				"south": {"uv": [15, 6, 1, 7], "rotation": 180, "texture": "#3"},
				"west": {"uv": [1, 5, 2, 7], "rotation": 90, "texture": "#3"},
				"up": {"uv": [15, 7, 1, 5], "rotation": 180, "texture": "#3"},
				"down": {"uv": [15, 5, 1, 7], "rotation": 180, "texture": "#3"}
			}
		},
		{
			"name": "Wood",
			"from": [1, 8.19912, 9.49202],
			"to": [15, 9.19912, 11.49202],
			"rotation": {"angle": -45, "axis": "x", "origin": [8, 10.69912, 7.99202]},
			"faces": {
				"north": {"uv": [15, 9, 1, 10], "texture": "#3"},
				"east": {"uv": [14, 11, 15, 9], "rotation": 270, "texture": "#3"},
				"south": {"uv": [15, 10, 1, 11], "rotation": 180, "texture": "#3"},
				"west": {"uv": [1, 9, 2, 11], "rotation": 90, "texture": "#3"},
				"up": {"uv": [15, 11, 1, 9], "rotation": 180, "texture": "#3"},
				"down": {"uv": [15, 9, 1, 11], "rotation": 180, "texture": "#3"}
			}
		},
		{
			"name": "Wood",
			"from": [1, 8.19912, 14.99202],
			"to": [15, 9.19912, 16.99202],
			"rotation": {"angle": -45, "axis": "x", "origin": [8, 10.69912, 7.99202]},
			"faces": {
				"north": {"uv": [15, 13, 1, 14], "texture": "#3"},
				"east": {"uv": [14, 15, 15, 13], "rotation": 270, "texture": "#3"},
				"south": {"uv": [15, 14, 1, 15], "rotation": 180, "texture": "#3"},
				"west": {"uv": [1, 13, 2, 15], "rotation": 90, "texture": "#3"},
				"up": {"uv": [15, 15, 1, 13], "rotation": 180, "texture": "#3"},
				"down": {"uv": [15, 13, 1, 15], "rotation": 180, "texture": "#3"}
			}
		},
		{
			"name": "Redstone",
			"from": [7, 8.19912, 5.99202],
			"to": [9, 9.19912, 9.49202],
			"rotation": {"angle": -45, "axis": "x", "origin": [8, 10.69912, 7.99202]},
			"faces": {
				"east": {"uv": [8, 9, 9, 7], "rotation": 270, "texture": "#3"},
				"west": {"uv": [7, 9, 8, 7], "rotation": 90, "texture": "#3"},
				"up": {"uv": [9, 9, 7, 7], "rotation": 180, "texture": "#3"},
				"down": {"uv": [9, 7, 7, 9], "rotation": 180, "texture": "#3"}
			}
		},
		{
			"name": "Redstone",
			"from": [7, 8.19912, 0.49202],
			"to": [9, 9.19912, 3.99202],
			"rotation": {"angle": -45, "axis": "x", "origin": [8, 10.69912, 7.99202]},
			"faces": {
				"east": {"uv": [8, 5, 9, 3], "rotation": 270, "texture": "#3"},
				"west": {"uv": [7, 5, 8, 3], "rotation": 90, "texture": "#3"},
				"up": {"uv": [9, 5, 7, 3], "rotation": 180, "texture": "#3"},
				"down": {"uv": [9, 3, 7, 5], "rotation": 180, "texture": "#3"}
			}
		},
		{
			"name": "Redstone",
			"from": [7, 8.19912, 11.49202],
			"to": [9, 9.19912, 14.99202],
			"rotation": {"angle": -45, "axis": "x", "origin": [8, 10.69912, 7.99202]},
			"faces": {
				"east": {"uv": [8, 13, 9, 11], "rotation": 270, "texture": "#3"},
				"west": {"uv": [7, 13, 8, 11], "rotation": 90, "texture": "#3"},
				"up": {"uv": [9, 13, 7, 11], "rotation": 180, "texture": "#3"},
				"down": {"uv": [9, 11, 7, 13], "rotation": 180, "texture": "#3"}
			}
		}
	],
	"groups": [
		{
			"name": "Rails",
			"origin": [8, 10.0097, 8.69741],
			"color": 0,
			"children": [0, 1, 2, 3]
		},
		{
			"name": "Wood",
			"origin": [8, 10.0097, 8.69741],
			"color": 0,
			"children": [4, 5, 6, 7]
		},
		8,
		9,
		10
	]
}