{
	"credit": "Made with Blockbench",
	"parent": "minecraft:block/rail_flat",
	"ambientocclusion": false,
	"textures": {
		"2": "block/rails/rail_metal",
		"3": "block/rails/rail_wood",
		"particle": "block/detector_rail"
	},
	"elements": [
		{
			"name": "Rail 2",
			"from": [12, -1.10088, 8.49202],
			"to": [14, 21.52412, 9.49202],
			"rotation": {"angle": 45, "axis": "x", "origin": [8, 10.69912, 7.99202]},
			"faces": {
				"north": {"uv": [14, 16, 12, 0], "texture": "#2"},
				"east": {"uv": [14, 0, 13, 16], "rotation": 180, "texture": "#2"},
				"south": {"uv": [14, 0, 12, 16], "rotation": 180, "texture": "#2"},
				"west": {"uv": [13, 0, 12, 16], "rotation": 180, "texture": "#2"},
				"up": {"uv": [14, 15, 12, 16], "rotation": 180, "texture": "#2"},
				"down": {"uv": [14, 0, 12, 1], "rotation": 180, "texture": "#2"}
			}
		},
		{
			"name": "Rail 1",
			"from": [2, -1.10088, 8.49202],
			"to": [4, 21.52412, 9.49202],
			"rotation": {"angle": 45, "axis": "x", "origin": [8, 10.69912, 7.99202]},
			"faces": {
				"north": {"uv": [4, 16, 2, 0], "texture": "#2"},
				"east": {"uv": [4, 0, 3, 16], "rotation": 180, "texture": "#2"},
				"south": {"uv": [4, 0, 2, 16], "rotation": 180, "texture": "#2"},
				"west": {"uv": [3, 0, 2, 16], "rotation": 180, "texture": "#2"},
				"up": {"uv": [4, 15, 2, 16], "rotation": 180, "texture": "#2"},
				"down": {"uv": [4, 0, 2, 1], "rotation": 180, "texture": "#2"}
			}
		},
		{
			"name": "Stilt 1",
			"from": [2, 0.05171, 0.00171],
			"to": [4, 2.00171, 1.00171],
			"rotation": {"angle": 0, "axis": "y", "origin": [3, 1.99668, 0.97206]},
			"faces": {
				"north": {"uv": [4, 15, 2, 16], "texture": "#2"},
				"east": {"uv": [3, 15, 4, 16], "rotation": 90, "texture": "#2"},
				"south": {"uv": [4, 15, 2, 16], "rotation": 180, "texture": "#2"},
				"west": {"uv": [2, 15, 3, 16], "rotation": 90, "texture": "#2"},
				"up": {"uv": [4, 16, 2, 15], "rotation": 180, "texture": "#2"},
				"down": {"uv": [4, 15, 2, 16], "rotation": 180, "texture": "#2"}
			}
		},
		{
			"name": "Stilt 2",
			"from": [12, 0.05171, 0.00171],
			"to": [14, 2.00171, 1.00171],
			"rotation": {"angle": 0, "axis": "y", "origin": [3, 1.99668, 0.97206]},
			"faces": {
				"north": {"uv": [14, 15, 12, 16], "texture": "#2"},
				"east": {"uv": [13, 15, 14, 16], "rotation": 90, "texture": "#2"},
				"south": {"uv": [14, 15, 12, 16], "rotation": 180, "texture": "#2"},
				"west": {"uv": [12, 15, 13, 16], "rotation": 90, "texture": "#2"},
				"up": {"uv": [14, 16, 12, 15], "rotation": 180, "texture": "#2"},
				"down": {"uv": [14, 15, 12, 16], "rotation": 180, "texture": "#2"}
			}
		},
		{
			"name": "Wood",
			"from": [1, 1.19912, 9.49202],
			"to": [15, 3.19912, 10.49202],
			"rotation": {"angle": 45, "axis": "x", "origin": [8, 10.69912, 7.99202]},
			"faces": {
				"north": {"uv": [15, 3, 1, 1], "texture": "#3"},
				"east": {"uv": [14, 3, 15, 1], "texture": "#3"},
				"south": {"uv": [15, 1, 1, 3], "rotation": 180, "texture": "#3"},
				"west": {"uv": [1, 1, 2, 3], "texture": "#3"},
				"up": {"uv": [1, 2, 15, 3], "rotation": 180, "texture": "#3"},
				"down": {"uv": [15, 1, 1, 2], "rotation": 180, "texture": "#3"}
			}
		},
		{
			"name": "Wood",
			"from": [1, 6.69912, 9.49202],
			"to": [15, 8.69912, 10.49202],
			"rotation": {"angle": 45, "axis": "x", "origin": [8, 10.69912, 7.99202]},
			"faces": {
				"north": {"uv": [15, 7, 1, 5], "texture": "#3"},
				"east": {"uv": [14, 7, 15, 5], "texture": "#3"},
				"south": {"uv": [15, 5, 1, 7], "rotation": 180, "texture": "#3"},
				"west": {"uv": [1, 5, 2, 7], "texture": "#3"},
				"up": {"uv": [15, 6, 1, 7], "rotation": 180, "texture": "#3"},
				"down": {"uv": [15, 5, 1, 6], "rotation": 180, "texture": "#3"}
			}
		},
		{
			"name": "Wood",
			"from": [1, 12.19912, 9.49202],
			"to": [15, 14.19912, 10.49202],
			"rotation": {"angle": 45, "axis": "x", "origin": [8, 10.69912, 7.99202]},
			"faces": {
				"north": {"uv": [15, 11, 1, 9], "texture": "#3"},
				"east": {"uv": [14, 11, 15, 9], "texture": "#3"},
				"south": {"uv": [15, 9, 1, 11], "rotation": 180, "texture": "#3"},
				"west": {"uv": [1, 9, 2, 11], "texture": "#3"},
				"up": {"uv": [15, 10, 1, 11], "rotation": 180, "texture": "#3"},
				"down": {"uv": [15, 9, 1, 10], "rotation": 180, "texture": "#3"}
			}
		},
		{
			"name": "Wood",
			"from": [1, 17.69912, 9.49202],
			"to": [15, 19.69912, 10.49202],
			"rotation": {"angle": 45, "axis": "x", "origin": [8, 10.69912, 7.99202]},
			"faces": {
				"north": {"uv": [15, 15, 1, 13], "texture": "#3"},
				"east": {"uv": [14, 15, 15, 13], "texture": "#3"},
				"south": {"uv": [15, 13, 1, 15], "rotation": 180, "texture": "#3"},
				"west": {"uv": [1, 13, 2, 15], "texture": "#3"},
				"up": {"uv": [15, 14, 1, 15], "rotation": 180, "texture": "#3"},
				"down": {"uv": [15, 13, 1, 14], "rotation": 180, "texture": "#3"}
			}
		},
		{
			"name": "Button",
			"from": [5, 6.69912, 8.49202],
			"to": [11, 14.19912, 9.49202],
			"rotation": {"angle": 45, "axis": "x", "origin": [8, 10.69912, 7.99202]},
			"faces": {
				"north": {"uv": [11, 11, 5, 5], "texture": "#particle"},
				"east": {"uv": [10, 11, 11, 5], "texture": "#particle"},
				"south": {"uv": [11, 0, 5, 6], "rotation": 180, "texture": "#2"},
				"west": {"uv": [5, 11, 6, 5], "texture": "#particle"},
				"up": {"uv": [11, 10, 5, 11], "rotation": 180, "texture": "#particle"},
				"down": {"uv": [11, 5, 5, 6], "rotation": 180, "texture": "#particle"}
			}
		},
		{
			"name": "Button",
			"from": [6, 7.69912, 7.99202],
			"to": [10, 13.19912, 8.49202],
			"rotation": {"angle": 45, "axis": "x", "origin": [8, 10.69912, 7.99202]},
			"faces": {
				"north": {"uv": [10, 10, 6, 6], "texture": "#particle"},
				"east": {"uv": [9, 10, 10, 6], "texture": "#particle"},
				"west": {"uv": [6, 10, 7, 6], "texture": "#particle"},
				"up": {"uv": [10, 9, 6, 10], "rotation": 180, "texture": "#particle"},
				"down": {"uv": [10, 6, 6, 7], "rotation": 180, "texture": "#particle"}
			}
		}
	],
	"groups": [
		{
			"name": "Rails",
			"origin": [8, 10.0097, 8.69741],
			"color": 0,
			"children": [0, 1, 2, 3]
		},
		{
			"name": "Wood",
			"origin": [8, 10.0097, 8.69741],
			"color": 0,
			"children": [4, 5, 6, 7]
		},
		8,
		9
	]
}