{
	"credit": "Made with Blockbench",
	"parent": "minecraft:block/rail_flat",
	"ambientocclusion": false,
	"textures": {
		"2": "block/rails/rail_metal",
		"3": "block/rails/rail_wood",
		"particle": "block/detector_rail"
	},
	"elements": [
		{
			"name": "Rail 2",
			"from": [12, -0.8153, 7.19741],
			"to": [14, 21.8097, 8.19741],
			"rotation": {"angle": -45, "axis": "x", "origin": [8, 10.0097, 8.69741]},
			"faces": {
				"north": {"uv": [14, 0, 12, 16], "texture": "#2"},
				"east": {"uv": [14, 0, 13, 16], "texture": "#2"},
				"south": {"uv": [14, 16, 12, 0], "rotation": 180, "texture": "#2"},
				"west": {"uv": [13, 0, 12, 16], "texture": "#2"},
				"up": {"uv": [14, 0, 12, 1], "rotation": 180, "texture": "#2"},
				"down": {"uv": [14, 15, 12, 16], "rotation": 180, "texture": "#2"}
			}
		},
		{
			"name": "Rail 1",
			"from": [2, -0.8153, 7.19741],
			"to": [4, 21.8097, 8.19741],
			"rotation": {"angle": -45, "axis": "x", "origin": [8, 10.0097, 8.69741]},
			"faces": {
				"north": {"uv": [4, 0, 2, 16], "texture": "#2"},
				"east": {"uv": [4, 0, 3, 16], "texture": "#2"},
				"south": {"uv": [4, 16, 2, 0], "rotation": 180, "texture": "#2"},
				"west": {"uv": [3, 0, 2, 16], "texture": "#2"},
				"up": {"uv": [4, 0, 2, 1], "rotation": 180, "texture": "#2"},
				"down": {"uv": [4, 15, 2, 16], "rotation": 180, "texture": "#2"}
			}
		},
		{
			"name": "Stilt 1",
			"from": [2, 0.05172, 14.99829],
			"to": [4, 2.00172, 15.99829],
			"rotation": {"angle": 0, "axis": "y", "origin": [3, 1.99669, 15.96863]},
			"faces": {
				"north": {"uv": [4, 15, 2, 16], "texture": "#2"},
				"east": {"uv": [3, 15, 4, 16], "rotation": 90, "texture": "#2"},
				"south": {"uv": [4, 15, 2, 16], "rotation": 180, "texture": "#2"},
				"west": {"uv": [2, 15, 3, 16], "rotation": 90, "texture": "#2"},
				"up": {"uv": [4, 16, 2, 15], "rotation": 180, "texture": "#2"},
				"down": {"uv": [4, 15, 2, 16], "rotation": 180, "texture": "#2"}
			}
		},
		{
			"name": "Stilt 2",
			"from": [12, 0.05172, 14.99829],
			"to": [14, 2.00172, 15.99829],
			"rotation": {"angle": 0, "axis": "y", "origin": [3, 1.99669, 15.96863]},
			"faces": {
				"north": {"uv": [14, 15, 12, 16], "texture": "#2"},
				"east": {"uv": [13, 15, 14, 16], "rotation": 90, "texture": "#2"},
				"south": {"uv": [14, 15, 12, 16], "rotation": 180, "texture": "#2"},
				"west": {"uv": [12, 15, 13, 16], "rotation": 90, "texture": "#2"},
				"up": {"uv": [14, 16, 12, 15], "rotation": 180, "texture": "#2"},
				"down": {"uv": [14, 15, 12, 16], "rotation": 180, "texture": "#2"}
			}
		},
		{
			"name": "Wood",
			"from": [1, 7.5097, -0.80259],
			"to": [15, 8.5097, 1.19741],
			"rotation": {"angle": 45, "axis": "x", "origin": [8, 10.0097, 8.69741]},
			"faces": {
				"north": {"uv": [15, 1, 1, 2], "texture": "#3"},
				"east": {"uv": [14, 3, 15, 1], "rotation": 270, "texture": "#3"},
				"south": {"uv": [15, 2, 1, 3], "rotation": 180, "texture": "#3"},
				"west": {"uv": [1, 1, 2, 3], "rotation": 90, "texture": "#3"},
				"up": {"uv": [15, 3, 1, 1], "rotation": 180, "texture": "#3"},
				"down": {"uv": [15, 1, 1, 3], "rotation": 180, "texture": "#3"}
			}
		},
		{
			"name": "Wood",
			"from": [1, 7.5097, 4.69741],
			"to": [15, 8.5097, 6.69741],
			"rotation": {"angle": 45, "axis": "x", "origin": [8, 10.0097, 8.69741]},
			"faces": {
				"north": {"uv": [15, 5, 1, 6], "texture": "#3"},
				"east": {"uv": [14, 7, 15, 5], "rotation": 270, "texture": "#3"},
				"south": {"uv": [15, 6, 1, 7], "rotation": 180, "texture": "#3"},
				"west": {"uv": [1, 5, 2, 7], "rotation": 90, "texture": "#3"},
				"up": {"uv": [15, 7, 1, 5], "rotation": 180, "texture": "#3"},
				"down": {"uv": [15, 5, 1, 7], "rotation": 180, "texture": "#3"}
			}
		},
		{
			"name": "Wood",
			"from": [1, 7.5097, 10.19741],
			"to": [15, 8.5097, 12.19741],
			"rotation": {"angle": 45, "axis": "x", "origin": [8, 10.0097, 8.69741]},
			"faces": {
				"north": {"uv": [15, 9, 1, 10], "texture": "#3"},
				"east": {"uv": [14, 11, 15, 9], "rotation": 270, "texture": "#3"},
				"south": {"uv": [15, 10, 1, 11], "rotation": 180, "texture": "#3"},
				"west": {"uv": [1, 9, 2, 11], "rotation": 90, "texture": "#3"},
				"up": {"uv": [15, 11, 1, 9], "rotation": 180, "texture": "#3"},
				"down": {"uv": [15, 9, 1, 11], "rotation": 180, "texture": "#3"}
			}
		},
		{
			"name": "Wood",
			"from": [1, 7.5097, 15.69741],
			"to": [15, 8.5097, 17.69741],
			"rotation": {"angle": 45, "axis": "x", "origin": [8, 10.0097, 8.69741]},
			"faces": {
				"north": {"uv": [15, 13, 1, 14], "texture": "#3"},
				"east": {"uv": [14, 15, 15, 13], "rotation": 270, "texture": "#3"},
				"south": {"uv": [15, 14, 1, 15], "rotation": 180, "texture": "#3"},
				"west": {"uv": [1, 13, 2, 15], "rotation": 90, "texture": "#3"},
				"up": {"uv": [15, 15, 1, 13], "rotation": 180, "texture": "#3"},
				"down": {"uv": [15, 13, 1, 15], "rotation": 180, "texture": "#3"}
			}
		},
		{
			"name": "Button",
			"from": [5, 8.5097, 4.69741],
			"to": [11, 9.5097, 12.19741],
			"rotation": {"angle": 45, "axis": "x", "origin": [4, 10.0097, 8.69741]},
			"faces": {
				"north": {"uv": [11, 5, 5, 6], "texture": "#particle"},
				"east": {"uv": [10, 11, 11, 5], "rotation": 270, "texture": "#particle"},
				"south": {"uv": [11, 10, 5, 11], "rotation": 180, "texture": "#particle"},
				"west": {"uv": [5, 11, 6, 5], "rotation": 90, "texture": "#particle"},
				"up": {"uv": [11, 11, 5, 5], "rotation": 180, "texture": "#particle"},
				"down": {"uv": [11, 0, 5, 6], "rotation": 180, "texture": "#2"}
			}
		},
		{
			"name": "Button",
			"from": [6, 9.5097, 5.69741],
			"to": [10, 10.0097, 11.19741],
			"rotation": {"angle": 45, "axis": "x", "origin": [4, 10.0097, 8.69741]},
			"faces": {
				"north": {"uv": [10, 6, 6, 7], "texture": "#particle"},
				"east": {"uv": [9, 10, 10, 6], "rotation": 270, "texture": "#particle"},
				"south": {"uv": [10, 9, 6, 10], "rotation": 180, "texture": "#particle"},
				"west": {"uv": [6, 10, 7, 6], "rotation": 90, "texture": "#particle"},
				"up": {"uv": [10, 10, 6, 6], "rotation": 180, "texture": "#particle"}
			}
		}
	],
	"groups": [
		{
			"name": "Rails",
			"origin": [8, 10.0097, 8.69741],
			"color": 0,
			"children": [0, 1, 2, 3]
		},
		{
			"name": "Wood",
			"origin": [8, 10.0097, 8.69741],
			"color": 0,
			"children": [4, 5, 6, 7]
		},
		8,
		9
	]
}