{
	"credit": "Made with Blockbench",
	"parent": "minecraft:block/rail_flat",
	"textures": {
		"2": "block/rails/rail_corner_metal",
		"3": "block/rails/rail_corner_wood",
		"particle": "block/rail_corner"
	},
	"elements": [
		{
			"from": [2, 1, 12],
			"to": [4, 2, 16],
			"faces": {
				"north": {"uv": [2, 12, 3, 13], "texture": "#2"},
				"east": {"uv": [3, 12, 4, 16], "rotation": 90, "texture": "#2"},
				"south": {"uv": [2, 15, 4, 16], "texture": "#2", "cullface": "south"},
				"west": {"uv": [2, 12, 3, 16], "rotation": 270, "texture": "#2"},
				"up": {"uv": [2, 12, 4, 16], "texture": "#2"},
				"down": {"uv": [2, 12, 4, 16], "texture": "#2"}
			}
		},
		{
			"from": [3, 1, 10],
			"to": [5, 2, 12],
			"faces": {
				"north": {"uv": [3, 11, 5, 12], "rotation": 180, "texture": "#2"},
				"east": {"uv": [4, 10, 5, 12], "rotation": 90, "texture": "#2"},
				"south": {"uv": [3, 11, 5, 12], "texture": "#2"},
				"west": {"uv": [3, 10, 4, 12], "rotation": 270, "texture": "#2"},
				"up": {"uv": [3, 10, 5, 12], "texture": "#2"},
				"down": {"uv": [3, 10, 5, 12], "texture": "#2"}
			}
		},
		{
			"from": [14, 1, 12],
			"to": [16, 2, 14],
			"faces": {
				"north": {"uv": [14, 12, 16, 13], "rotation": 180, "texture": "#2"},
				"east": {"uv": [15, 12, 16, 14], "rotation": 90, "texture": "#2", "cullface": "east"},
				"south": {"uv": [14, 13, 16, 14], "texture": "#2"},
				"west": {"uv": [13, 13, 14, 14], "texture": "#2"},
				"up": {"uv": [14, 12, 16, 14], "texture": "#2"}
			}
		},
		{
			"from": [12, 1, 14],
			"to": [14, 2, 16],
			"faces": {
				"north": {"uv": [12, 14, 13, 15], "texture": "#2"},
				"east": {"uv": [13, 14, 14, 16], "rotation": 90, "texture": "#2"},
				"south": {"uv": [12, 15, 14, 16], "texture": "#2", "cullface": "south"},
				"west": {"uv": [12, 14, 13, 16], "texture": "#2"},
				"up": {"uv": [12, 14, 14, 16], "texture": "#2"}
			}
		},
		{
			"from": [4, 1, 8],
			"to": [6, 2, 10],
			"faces": {
				"north": {"uv": [4, 8, 6, 9], "rotation": 180, "texture": "#2"},
				"east": {"uv": [5, 8, 6, 10], "texture": "#2"},
				"south": {"uv": [5, 9, 6, 10], "texture": "#2"},
				"west": {"uv": [4, 8, 5, 10], "rotation": 270, "texture": "#2"},
				"up": {"uv": [4, 8, 6, 10], "texture": "#2"},
				"down": {"uv": [4, 8, 6, 10], "texture": "#2"}
			}
		},
		{
			"from": [8, 1, 4],
			"to": [10, 2, 6],
			"faces": {
				"north": {"uv": [8, 4, 10, 5], "texture": "#2"},
				"east": {"uv": [9, 5, 10, 6], "texture": "#2"},
				"south": {"uv": [8, 5, 10, 6], "texture": "#2"},
				"west": {"uv": [8, 4, 9, 6], "rotation": 270, "texture": "#2"},
				"up": {"uv": [8, 4, 10, 6], "texture": "#2"},
				"down": {"uv": [8, 6, 10, 4], "texture": "#2"}
			}
		},
		{
			"from": [10, 1, 3],
			"to": [12, 2, 5],
			"faces": {
				"north": {"uv": [10, 3, 12, 4], "texture": "#2"},
				"east": {"uv": [10, 4, 12, 5], "rotation": 180, "texture": "#2"},
				"south": {"uv": [10, 4, 12, 5], "texture": "#2"},
				"west": {"uv": [10, 3, 11, 5], "rotation": 270, "texture": "#2"},
				"up": {"uv": [10, 3, 12, 5], "texture": "#2"},
				"down": {"uv": [10, 5, 12, 3], "texture": "#2"}
			}
		},
		{
			"from": [12, 1, 2],
			"to": [16, 2, 4],
			"faces": {
				"north": {"uv": [12, 2, 16, 3], "rotation": 180, "texture": "#2"},
				"east": {"uv": [15, 2, 16, 4], "rotation": 90, "texture": "#2", "cullface": "east"},
				"south": {"uv": [12, 3, 16, 4], "texture": "#2"},
				"west": {"uv": [12, 2, 13, 3], "texture": "#2"},
				"up": {"uv": [12, 2, 16, 4], "texture": "#2"},
				"down": {"uv": [12, 4, 16, 2], "texture": "#2"}
			}
		},
		{
			"from": [5, 1, 7],
			"to": [7, 2, 8],
			"faces": {
				"north": {"uv": [5, 7, 6, 8], "texture": "#2"},
				"east": {"uv": [6, 7, 7, 8], "texture": "#2"},
				"south": {"uv": [6, 7, 7, 8], "texture": "#2"},
				"west": {"uv": [5, 7, 6, 8], "texture": "#2"},
				"up": {"uv": [5, 7, 7, 8], "texture": "#2"},
				"down": {"uv": [5, 7, 7, 8], "texture": "#2"}
			}
		},
		{
			"from": [6, 1, 6],
			"to": [8, 2, 7],
			"faces": {
				"north": {"uv": [6, 6, 7, 7], "texture": "#2"},
				"east": {"uv": [7, 6, 8, 7], "texture": "#2"},
				"south": {"uv": [6, 6, 8, 7], "texture": "#2"},
				"west": {"uv": [6, 6, 7, 7], "texture": "#2"},
				"up": {"uv": [6, 6, 8, 7], "texture": "#2"}
			}
		},
		{
			"from": [7, 1, 5],
			"to": [8, 2, 6],
			"faces": {
				"north": {"uv": [7, 5, 8, 6], "texture": "#2"},
				"west": {"uv": [7, 5, 8, 6], "texture": "#2"},
				"up": {"uv": [7, 5, 8, 6], "texture": "#2"}
			}
		},
		{
			"from": [13, 1, 13],
			"to": [14, 2, 14],
			"faces": {
				"north": {"uv": [13, 13, 14, 14], "texture": "#2"},
				"west": {"uv": [13, 13, 14, 14], "texture": "#2"},
				"up": {"uv": [13, 13, 14, 14], "texture": "#2"}
			}
		},
		{
			"name": "Wood",
			"from": [1, 0, 11],
			"to": [4, 1, 13],
			"faces": {
				"north": {"uv": [1, 11, 4, 12], "rotation": 180, "texture": "#3"},
				"east": {"uv": [3, 11, 4, 13], "rotation": 90, "texture": "#3"},
				"south": {"uv": [1, 12, 4, 13], "texture": "#3"},
				"west": {"uv": [1, 11, 2, 13], "rotation": 270, "texture": "#3"},
				"up": {"uv": [1, 11, 4, 13], "texture": "#3"},
				"down": {"uv": [1, 13, 4, 11], "texture": "#3", "cullface": "down"}
			}
		},
		{
			"name": "Wood",
			"from": [4, 0, 12],
			"to": [7, 1, 14],
			"faces": {
				"north": {"uv": [4, 12, 7, 13], "rotation": 180, "texture": "#3"},
				"east": {"uv": [6, 12, 7, 14], "rotation": 90, "texture": "#3"},
				"south": {"uv": [4, 13, 7, 14], "texture": "#3"},
				"west": {"uv": [4, 12, 5, 14], "rotation": 270, "texture": "#3"},
				"up": {"uv": [4, 12, 7, 14], "texture": "#3"},
				"down": {"uv": [4, 14, 7, 12], "texture": "#3", "cullface": "down"}
			}
		},
		{
			"name": "Wood",
			"from": [7, 0, 13],
			"to": [10, 1, 15],
			"faces": {
				"north": {"uv": [4, 12, 7, 13], "rotation": 180, "texture": "#3"},
				"east": {"uv": [6, 12, 7, 14], "rotation": 90, "texture": "#3"},
				"south": {"uv": [4, 13, 7, 14], "texture": "#3"},
				"west": {"uv": [4, 12, 5, 14], "rotation": 270, "texture": "#3"},
				"up": {"uv": [4, 12, 7, 14], "texture": "#3"},
				"down": {"uv": [4, 14, 7, 12], "texture": "#3", "cullface": "down"}
			}
		},
		{
			"name": "Wood",
			"from": [10, 0, 14],
			"to": [15, 1, 16],
			"faces": {
				"north": {"uv": [10, 14, 15, 15], "rotation": 180, "texture": "#3"},
				"east": {"uv": [14, 14, 15, 16], "rotation": 90, "texture": "#3"},
				"south": {"uv": [10, 15, 15, 16], "texture": "#3", "cullface": "south"},
				"west": {"uv": [10, 14, 11, 16], "rotation": 270, "texture": "#3"},
				"up": {"uv": [10, 14, 15, 16], "texture": "#3"},
				"down": {"uv": [15, 16, 10, 14], "texture": "#3", "cullface": "down"}
			}
		},
		{
			"from": [13, 0, 7],
			"to": [15, 1, 10],
			"faces": {
				"north": {"uv": [13, 7, 15, 8], "rotation": 180, "texture": "#3"},
				"east": {"uv": [14, 7, 15, 10], "rotation": 90, "texture": "#3"},
				"south": {"uv": [13, 9, 15, 10], "texture": "#3"},
				"west": {"uv": [13, 7, 14, 10], "rotation": 270, "texture": "#3"},
				"up": {"uv": [13, 7, 15, 10], "texture": "#3"},
				"down": {"uv": [13, 7, 15, 10], "texture": "#3", "cullface": "down"}
			}
		},
		{
			"from": [12, 0, 4],
			"to": [14, 1, 7],
			"faces": {
				"north": {"uv": [12, 4, 14, 5], "rotation": 180, "texture": "#3"},
				"east": {"uv": [13, 4, 14, 7], "rotation": 90, "texture": "#3"},
				"south": {"uv": [12, 6, 14, 7], "texture": "#3"},
				"west": {"uv": [12, 4, 13, 7], "rotation": 270, "texture": "#3"},
				"up": {"uv": [12, 4, 14, 7], "texture": "#3"},
				"down": {"uv": [12, 4, 14, 7], "texture": "#3", "cullface": "down"}
			}
		},
		{
			"from": [11, 0, 1],
			"to": [13, 1, 4],
			"faces": {
				"north": {"uv": [11, 1, 13, 2], "rotation": 180, "texture": "#3"},
				"east": {"uv": [12, 1, 13, 4], "rotation": 90, "texture": "#3"},
				"south": {"uv": [11, 3, 13, 4], "texture": "#3"},
				"west": {"uv": [11, 1, 12, 4], "rotation": 270, "texture": "#3"},
				"up": {"uv": [11, 1, 13, 4], "texture": "#3"},
				"down": {"uv": [11, 1, 13, 4], "texture": "#3", "cullface": "down"}
			}
		},
		{
			"from": [14, 0, 10],
			"to": [16, 1, 15],
			"faces": {
				"north": {"uv": [14, 10, 16, 11], "rotation": 180, "texture": "#3"},
				"east": {"uv": [15, 10, 16, 15], "rotation": 90, "texture": "#3", "cullface": "east"},
				"south": {"uv": [14, 14, 16, 15], "texture": "#3"},
				"west": {"uv": [14, 10, 15, 15], "rotation": 270, "texture": "#3"},
				"up": {"uv": [14, 10, 16, 15], "texture": "#3"},
				"down": {"uv": [16, 10, 14, 15], "texture": "#3", "cullface": "down"}
			}
		},
		{
			"name": "Wood",
			"from": [5, 0, 5],
			"to": [7, 1, 7],
			"faces": {
				"north": {"uv": [5, 5, 7, 6], "rotation": 180, "texture": "#3"},
				"east": {"uv": [6, 5, 7, 7], "rotation": 270, "texture": "#3"},
				"south": {"uv": [5, 6, 7, 7], "texture": "#3"},
				"west": {"uv": [5, 5, 6, 6], "texture": "#3"},
				"up": {"uv": [5, 5, 7, 7], "texture": "#3"},
				"down": {"uv": [5, 7, 7, 5], "texture": "#3", "cullface": "down"}
			}
		},
		{
			"name": "Wood",
			"from": [6, 0, 6],
			"to": [8, 1, 8],
			"faces": {
				"north": {"uv": [6, 6, 8, 7], "rotation": 180, "texture": "#3"},
				"east": {"uv": [7, 6, 8, 8], "rotation": 270, "texture": "#3"},
				"south": {"uv": [6, 7, 8, 8], "texture": "#3"},
				"west": {"uv": [6, 6, 7, 7], "texture": "#3"},
				"down": {"uv": [6, 8, 8, 6], "texture": "#3", "cullface": "down"}
			}
		},
		{
			"name": "Wood",
			"from": [8, 0, 8],
			"to": [10, 1, 10],
			"faces": {
				"north": {"uv": [8, 8, 10, 9], "rotation": 180, "texture": "#3"},
				"east": {"uv": [9, 8, 10, 10], "rotation": 270, "texture": "#3"},
				"south": {"uv": [8, 9, 10, 10], "texture": "#3"},
				"west": {"uv": [8, 8, 9, 9], "texture": "#3"},
				"up": {"uv": [8, 8, 10, 10], "texture": "#3"},
				"down": {"uv": [8, 10, 10, 8], "texture": "#3", "cullface": "down"}
			}
		},
		{
			"name": "Wood",
			"from": [9, 0, 9],
			"to": [11, 1, 11],
			"faces": {
				"north": {"uv": [9, 9, 11, 10], "rotation": 180, "texture": "#3"},
				"east": {"uv": [10, 9, 11, 11], "rotation": 270, "texture": "#3"},
				"south": {"uv": [9, 10, 11, 11], "texture": "#3"},
				"west": {"uv": [9, 9, 10, 10], "texture": "#3"},
				"up": {"uv": [9, 9, 11, 11], "texture": "#3"},
				"down": {"uv": [9, 11, 11, 9], "texture": "#3", "cullface": "down"}
			}
		},
		{
			"name": "Wood",
			"from": [10, 0, 10],
			"to": [12, 1, 12],
			"faces": {
				"north": {"uv": [10, 10, 12, 11], "rotation": 180, "texture": "#3"},
				"east": {"uv": [11, 10, 12, 12], "rotation": 270, "texture": "#3"},
				"south": {"uv": [10, 11, 12, 12], "texture": "#3"},
				"west": {"uv": [10, 10, 11, 11], "texture": "#3"},
				"up": {"uv": [10, 10, 12, 12], "texture": "#3"},
				"down": {"uv": [10, 12, 12, 10], "texture": "#3", "cullface": "down"}
			}
		},
		{
			"name": "Wood",
			"from": [11, 0, 11],
			"to": [13, 1, 13],
			"faces": {
				"north": {"uv": [11, 11, 13, 12], "rotation": 180, "texture": "#3"},
				"east": {"uv": [12, 11, 13, 13], "rotation": 270, "texture": "#3"},
				"south": {"uv": [11, 12, 13, 13], "texture": "#3"},
				"west": {"uv": [11, 11, 12, 12], "texture": "#3"},
				"up": {"uv": [11, 11, 13, 13], "texture": "#3"},
				"down": {"uv": [11, 13, 13, 11], "texture": "#3", "cullface": "down"}
			}
		},
		{
			"name": "Wood",
			"from": [12, 0, 12],
			"to": [14, 1, 14],
			"faces": {
				"north": {"uv": [12, 12, 14, 13], "rotation": 180, "texture": "#3"},
				"west": {"uv": [12, 12, 14, 13], "texture": "#3"},
				"up": {"uv": [12, 12, 14, 14], "texture": "#3"},
				"down": {"uv": [12, 14, 14, 12], "texture": "#3", "cullface": "down"}
			}
		},
		{
			"name": "Wood",
			"from": [7, 0, 7],
			"to": [9, 1, 9],
			"faces": {
				"north": {"uv": [7, 7, 9, 8], "rotation": 180, "texture": "#3"},
				"east": {"uv": [8, 7, 9, 9], "rotation": 270, "texture": "#3"},
				"south": {"uv": [7, 8, 9, 9], "texture": "#3"},
				"west": {"uv": [7, 7, 8, 8], "texture": "#3"},
				"up": {"uv": [7, 7, 9, 9], "texture": "#3"},
				"down": {"uv": [7, 9, 9, 7], "texture": "#3", "cullface": "down"}
			}
		}
	],
	"groups": [
		{
			"name": "Metal",
			"origin": [0, 0, 0],
			"color": 0,
			"children": [0, 1, 2, 3, 4, 5, 6, 7, 8, 9, 10, 11]
		},
		{
			"name": "Wood",
			"origin": [0, 0, 0],
			"color": 0,
			"children": [12, 13, 14, 15, 16, 17, 18, 19, 20, 21, 22, 23, 24, 25, 26, 27]
		}
	]
}