{
	"credit": "Made with Blockbench",
	"parent": "minecraft:block/rail_flat",
	"ambientocclusion": false,
	"textures": {
		"1": "block/rails/rail_wood",
		"2": "block/rails/rail_metal",
		"particle": "block/rail"
	},
	"elements": [
		{
			"name": "Rail 1",
			"from": [2, 1, 0],
			"to": [4, 2, 16],
			"faces": {
				"north": {"uv": [2, 0, 4, 1], "rotation": 180, "texture": "#2", "cullface": "north"},
				"east": {"uv": [3, 0, 4, 16], "rotation": 90, "texture": "#2"},
				"south": {"uv": [2, 15, 4, 16], "texture": "#2", "cullface": "south"},
				"west": {"uv": [2, 0, 3, 16], "rotation": 90, "texture": "#2"},
				"up": {"uv": [2, 0, 4, 16], "texture": "#2"},
				"down": {"uv": [2, 0, 4, 16], "texture": "#2"}
			}
		},
		{
			"name": "Rail 2",
			"from": [12, 1, 0],
			"to": [14, 2, 16],
			"faces": {
				"north": {"uv": [12, 0, 14, 1], "rotation": 180, "texture": "#2", "cullface": "north"},
				"east": {"uv": [13, 0, 14, 16], "rotation": 90, "texture": "#2"},
				"south": {"uv": [12, 15, 14, 16], "texture": "#2", "cullface": "south"},
				"west": {"uv": [12, 0, 13, 16], "rotation": 270, "texture": "#2"},
				"up": {"uv": [12, 0, 14, 16], "texture": "#2"},
				"down": {"uv": [12, 0, 14, 16], "texture": "#2"}
			}
		},
		{
			"name": "Plank",
			"from": [1, 0, 13],
			"to": [15, 1, 15],
			"faces": {
				"north": {"uv": [1, 13, 15, 14], "texture": "#1"},
				"east": {"uv": [14, 13, 15, 15], "rotation": 90, "texture": "#1"},
				"south": {"uv": [1, 14, 15, 15], "texture": "#1"},
				"west": {"uv": [1, 13, 2, 15], "rotation": 270, "texture": "#1"},
				"up": {"uv": [1, 13, 15, 15], "texture": "#1"},
				"down": {"uv": [1, 15, 15, 13], "texture": "#1", "cullface": "down"}
			}
		},
		{
			"name": "Plank 2",
			"from": [1, 0, 9],
			"to": [15, 1, 11],
			"faces": {
				"north": {"uv": [1, 9, 15, 10], "texture": "#1"},
				"east": {"uv": [14, 9, 15, 11], "rotation": 90, "texture": "#1"},
				"south": {"uv": [1, 10, 15, 11], "texture": "#1"},
				"west": {"uv": [1, 9, 2, 11], "rotation": 270, "texture": "#1"},
				"up": {"uv": [1, 9, 15, 11], "texture": "#1"},
				"down": {"uv": [1, 11, 15, 9], "texture": "#1", "cullface": "down"}
			}
		},
		{
			"name": "Plank 3",
			"from": [1, 0, 5],
			"to": [15, 1, 7],
			"faces": {
				"north": {"uv": [1, 5, 15, 6], "texture": "#1"},
				"east": {"uv": [14, 5, 15, 7], "rotation": 90, "texture": "#1"},
				"south": {"uv": [1, 6, 15, 7], "texture": "#1"},
				"west": {"uv": [1, 5, 2, 7], "rotation": 270, "texture": "#1"},
				"up": {"uv": [1, 5, 15, 7], "texture": "#1"},
				"down": {"uv": [1, 7, 15, 5], "texture": "#1", "cullface": "down"}
			}
		},
		{
			"name": "Plank 4",
			"from": [1, 0, 1],
			"to": [15, 1, 3],
			"faces": {
				"north": {"uv": [1, 1, 15, 2], "texture": "#1"},
				"east": {"uv": [14, 1, 15, 3], "rotation": 90, "texture": "#1"},
				"south": {"uv": [1, 2, 15, 3], "texture": "#1"},
				"west": {"uv": [1, 1, 2, 3], "rotation": 270, "texture": "#1"},
				"up": {"uv": [1, 1, 15, 3], "texture": "#1"},
				"down": {"uv": [1, 3, 15, 1], "texture": "#1", "cullface": "down"}
			}
		}
	],
	"groups": [
		{
			"name": "Rails",
			"origin": [0, 0, 0],
			"color": 0,
			"children": [0, 1]
		},
		{
			"name": "Planks",
			"origin": [0, 0, 0],
			"color": 0,
			"children": [2, 3, 4, 5]
		}
	]
}