{
	"credit": "Stardust did something here",
	"parent": "block/thin_block",
	"textures": {
		"1": "block/mangrove_door_sides",
		"particle": "block/mangrove_trapdoor",
		"1_texture": "block/mangrove_trapdoor"
	},
	"elements": [
		{
			"from": [0, 0, 13],
			"to": [16, 5, 16],
			"rotation": {"angle": 0, "axis": "x", "origin": [8, 8, 14.5]},
			"faces": {
				"north": {"uv": [0, 0, 16, 5], "rotation": 180, "texture": "#1_texture"},
				"east": {"uv": [9, 0, 12, 5], "rotation": 180, "texture": "#1", "cullface": "east"},
				"south": {"uv": [0, 11, 16, 16], "texture": "#1_texture"},
				"west": {"uv": [4, 11, 7, 16], "texture": "#1", "cullface": "west"},
				"up": {"uv": [4, 0, 7, 16], "rotation": 90, "texture": "#1"},
				"down": {"uv": [9, 0, 12, 16], "rotation": 270, "texture": "#1", "cullface": "down"}
			}
		},
		{
			"from": [0, 11, 13],
			"to": [16, 16, 16],
			"rotation": {"angle": 0, "axis": "x", "origin": [8, 8, 14.5]},
			"faces": {
				"north": {"uv": [0, 11, 16, 16], "rotation": 180, "texture": "#1_texture"},
				"east": {"uv": [9, 11, 12, 16], "rotation": 180, "texture": "#1", "cullface": "east"},
				"south": {"uv": [0, 0, 16, 5], "texture": "#1_texture"},
				"west": {"uv": [4, 0, 7, 5], "texture": "#1", "cullface": "west"},
				"up": {"uv": [4, 0, 7, 16], "rotation": 90, "texture": "#1", "cullface": "up"},
				"down": {"uv": [9, 0, 12, 16], "rotation": 270, "texture": "#1"}
			}
		},
		{
			"from": [11, 5, 13],
			"to": [16, 11, 16],
			"rotation": {"angle": 0, "axis": "x", "origin": [8, 8, 14.5]},
			"faces": {
				"north": {"uv": [11, 5, 16, 11], "rotation": 180, "texture": "#1_texture"},
				"east": {"uv": [9, 5, 12, 11], "rotation": 180, "texture": "#1", "cullface": "east"},
				"south": {"uv": [11, 5, 16, 11], "texture": "#1_texture"},
				"west": {"uv": [9, 9, 12, 15], "texture": "#1"},
				"up": {"uv": [0, 0, 5, 3], "texture": "#missing"},
				"down": {"uv": [0, 0, 5, 3], "rotation": 180, "texture": "#missing"}
			}
		},
		{
			"from": [0, 5, 13],
			"to": [5, 11, 16],
			"rotation": {"angle": 0, "axis": "x", "origin": [8, 8, 14.5]},
			"faces": {
				"north": {"uv": [0, 5, 5, 11], "rotation": 180, "texture": "#1_texture"},
				"east": {"uv": [4, 2, 7, 8], "rotation": 180, "texture": "#1"},
				"south": {"uv": [0, 5, 5, 11], "texture": "#1_texture"},
				"west": {"uv": [4, 5, 7, 11], "texture": "#1", "cullface": "west"},
				"up": {"uv": [0, 0, 5, 3], "texture": "#missing"},
				"down": {"uv": [0, 0, 5, 3], "rotation": 180, "texture": "#missing"}
			}
		},
		{
			"from": [10, 5, 13],
			"to": [11, 6, 16],
			"rotation": {"angle": 0, "axis": "x", "origin": [8, 8, 14.5]},
			"faces": {
				"north": {"uv": [10, 5, 11, 6], "rotation": 180, "texture": "#1_texture"},
				"east": {"uv": [0, 0, 1, 3], "rotation": 90, "texture": "#missing"},
				"south": {"uv": [10, 5, 11, 6], "texture": "#1_texture"},
				"west": {"uv": [4, 4, 7, 5], "texture": "#1"},
				"up": {"uv": [4, 10, 7, 11], "rotation": 90, "texture": "#1"},
				"down": {"uv": [0, 0, 1, 3], "rotation": 180, "texture": "#missing"}
			}
		},
		{
			"from": [5, 5, 13],
			"to": [6, 6, 16],
			"rotation": {"angle": 0, "axis": "x", "origin": [8, 8, 14.5]},
			"faces": {
				"north": {"uv": [5, 5, 6, 6], "rotation": 180, "texture": "#1_texture"},
				"east": {"uv": [4, 4, 7, 5], "rotation": 180, "texture": "#1"},
				"south": {"uv": [5, 5, 6, 6], "texture": "#1_texture"},
				"west": {"uv": [0, 0, 1, 3], "rotation": 270, "texture": "#missing"},
				"up": {"uv": [4, 11, 7, 12], "rotation": 90, "texture": "#1"},
				"down": {"uv": [0, 0, 1, 3], "rotation": 180, "texture": "#missing"}
			}
		},
		{
			"from": [5, 10, 13],
			"to": [6, 11, 16],
			"rotation": {"angle": 0, "axis": "x", "origin": [8, 8, 14.5]},
			"faces": {
				"north": {"uv": [5, 10, 6, 11], "rotation": 180, "texture": "#1_texture"},
				"east": {"uv": [4, 9, 7, 10], "rotation": 180, "texture": "#1"},
				"south": {"uv": [5, 10, 6, 11], "texture": "#1_texture"},
				"west": {"uv": [0, 0, 1, 3], "rotation": 270, "texture": "#missing"},
				"up": {"uv": [0, 0, 1, 3], "texture": "#missing"},
				"down": {"uv": [9, 5, 12, 6], "rotation": 270, "texture": "#1"}
			}
		},
		{
			"from": [10, 10, 13],
			"to": [11, 11, 16],
			"rotation": {"angle": 0, "axis": "x", "origin": [8, 8, 14.5]},
			"faces": {
				"north": {"uv": [10, 10, 11, 11], "rotation": 180, "texture": "#1_texture"},
				"east": {"uv": [0, 0, 1, 3], "rotation": 90, "texture": "#missing"},
				"south": {"uv": [10, 10, 11, 11], "texture": "#1_texture"},
				"west": {"uv": [4, 7, 7, 8], "texture": "#1"},
				"up": {"uv": [0, 0, 1, 3], "texture": "#missing"},
				"down": {"uv": [9, 9, 12, 10], "rotation": 270, "texture": "#1"}
			}
		}
	],
	"groups": [
		{
			"name": "Mangrove Trapdoor",
			"origin": [0, 0, 0],
			"color": 0,
			"children": [0, 1, 2, 3, 4, 5, 6, 7]
		}
	]
}