{
	"credit": "Stardust did something here",
	"parent": "block/thin_block",
	"textures": {
		"1": "block/warped_door_sides",
		"particle": "block/warped_trapdoor",
		"texture": "block/warped_trapdoor"
	},
	"elements": [
		{
			"from": [0, 0, 0],
			"to": [3, 3, 16],
			"faces": {
				"north": {"uv": [9, 0, 12, 3], "rotation": 90, "texture": "#1", "cullface": "north"},
				"east": {"uv": [4, 0, 7, 16], "rotation": 90, "texture": "#1"},
				"south": {"uv": [4, 13, 7, 16], "rotation": 90, "texture": "#1", "cullface": "south"},
				"west": {"uv": [9, 0, 12, 16], "rotation": 90, "texture": "#1", "cullface": "west"},
				"up": {"uv": [0, 16, 3, 0], "texture": "#texture"},
				"down": {"uv": [0, 0, 3, 16], "texture": "#texture"}
			}
		},
		{
			"from": [12, 0, 6],
			"to": [13, 3, 11],
			"rotation": {"angle": 0, "axis": "y", "origin": [10, 0, 0]},
			"faces": {
				"north": {"uv": [4, 2, 7, 3], "rotation": 90, "texture": "#1"},
				"south": {"uv": [4, 9, 7, 10], "rotation": 90, "texture": "#1"},
				"west": {"uv": [9, 3, 12, 8], "rotation": 90, "texture": "#1"},
				"up": {"uv": [12, 10, 13, 5], "texture": "#texture"},
				"down": {"uv": [12, 5, 13, 10], "texture": "#texture"}
			}
		},
		{
			"from": [3, 0, 0],
			"to": [13, 3, 3],
			"rotation": {"angle": 0, "axis": "y", "origin": [10, 0, -6]},
			"faces": {
				"north": {"uv": [9, 3, 12, 13], "rotation": 90, "texture": "#1", "cullface": "north"},
				"south": {"uv": [4, 3, 7, 13], "rotation": 90, "texture": "#1"},
				"up": {"uv": [3, 16, 13, 13], "texture": "#texture"},
				"down": {"uv": [3, 13, 13, 16], "texture": "#texture"}
			}
		},
		{
			"from": [10, 0, 4],
			"to": [11, 3, 11],
			"rotation": {"angle": 0, "axis": "y", "origin": [8, 0, 0]},
			"faces": {
				"north": {"uv": [9, 9, 12, 10], "rotation": 90, "texture": "#1"},
				"east": {"uv": [4, 0, 7, 7], "rotation": 90, "texture": "#1"},
				"south": {"uv": [9, 3, 12, 4], "rotation": 90, "texture": "#1"},
				"west": {"uv": [4, 6, 7, 13], "rotation": 90, "texture": "#1"},
				"up": {"uv": [10, 12, 11, 5], "texture": "#texture"},
				"down": {"uv": [10, 5, 11, 12], "texture": "#texture"}
			}
		},
		{
			"from": [6, 0, 6],
			"to": [7, 3, 12],
			"rotation": {"angle": 0, "axis": "y", "origin": [4, 0, 1]},
			"faces": {
				"north": {"uv": [9, 9, 12, 10], "rotation": 90, "texture": "#1"},
				"east": {"uv": [4, 2, 7, 8], "rotation": 90, "texture": "#1"},
				"south": {"uv": [9, 4, 12, 5], "rotation": 90, "texture": "#1"},
				"west": {"uv": [4, 8, 7, 14], "rotation": 90, "texture": "#1"},
				"up": {"uv": [6, 10, 7, 4], "texture": "#texture"},
				"down": {"uv": [6, 4, 7, 10], "texture": "#texture"}
			}
		},
		{
			"from": [3, 0, 13],
			"to": [13, 3, 16],
			"rotation": {"angle": 0, "axis": "y", "origin": [4, 0, 5]},
			"faces": {
				"north": {"uv": [9, 2, 12, 12], "rotation": 90, "texture": "#1"},
				"south": {"uv": [4, 3, 7, 13], "rotation": 90, "texture": "#1", "cullface": "south"},
				"up": {"uv": [3, 3, 13, 0], "texture": "#texture"},
				"down": {"uv": [3, 0, 13, 3], "texture": "#texture"}
			}
		},
		{
			"from": [6, 0, 3],
			"to": [7, 3, 4],
			"rotation": {"angle": 0, "axis": "y", "origin": [4, 0, -5]},
			"faces": {
				"east": {"uv": [4, 15, 7, 16], "rotation": 90, "texture": "#1"},
				"south": {"uv": [4, 9, 7, 10], "rotation": 90, "texture": "#1"},
				"up": {"uv": [6, 12, 7, 13], "texture": "#texture"},
				"down": {"uv": [6, 12, 7, 13], "texture": "#texture"}
			}
		},
		{
			"from": [4, 0, 3],
			"to": [6, 3, 7],
			"rotation": {"angle": 0, "axis": "y", "origin": [3, 0, -5]},
			"faces": {
				"east": {"uv": [4, 8, 7, 12], "rotation": 90, "texture": "#1"},
				"south": {"uv": [4, 3, 7, 5], "rotation": 90, "texture": "#1"},
				"west": {"uv": [9, 4, 12, 8], "rotation": 90, "texture": "#1"},
				"up": {"uv": [4, 13, 6, 9], "texture": "#texture"},
				"down": {"uv": [4, 9, 6, 13], "texture": "#texture"}
			}
		},
		{
			"from": [5, 0, 7],
			"to": [6, 3, 8],
			"rotation": {"angle": 0, "axis": "y", "origin": [3, 0, -1]},
			"faces": {
				"south": {"uv": [4, 12, 7, 13], "rotation": 90, "texture": "#1"},
				"west": {"uv": [9, 9, 12, 10], "rotation": 90, "texture": "#1"},
				"up": {"uv": [5, 8, 6, 9], "texture": "#texture"},
				"down": {"uv": [5, 8, 6, 9], "texture": "#texture"}
			}
		},
		{
			"from": [3, 0, 8],
			"to": [4, 3, 10],
			"rotation": {"angle": 0, "axis": "y", "origin": [1, 0, 1]},
			"faces": {
				"north": {"uv": [4, 11, 7, 12], "rotation": 90, "texture": "#1"},
				"east": {"uv": [9, 10, 12, 12], "rotation": 90, "texture": "#1"},
				"south": {"uv": [4, 1, 7, 2], "rotation": 90, "texture": "#1"},
				"up": {"uv": [3, 6, 4, 8], "texture": "#texture"},
				"down": {"uv": [3, 6, 4, 8], "texture": "#texture"}
			}
		},
		{
			"from": [4, 0, 11],
			"to": [6, 3, 13],
			"rotation": {"angle": 0, "axis": "y", "origin": [3, 0, 4]},
			"faces": {
				"north": {"uv": [4, 7, 7, 9], "rotation": 90, "texture": "#1"},
				"east": {"uv": [4, 0, 7, 2], "rotation": 90, "texture": "#1"},
				"west": {"uv": [9, 11, 12, 13], "rotation": 90, "texture": "#1"},
				"up": {"uv": [4, 3, 6, 5], "texture": "#texture"},
				"down": {"uv": [4, 3, 6, 5], "texture": "#texture"}
			}
		},
		{
			"from": [5, 0, 10],
			"to": [6, 3, 11],
			"rotation": {"angle": 0, "axis": "y", "origin": [3, 0, 2]},
			"faces": {
				"north": {"uv": [9, 13, 12, 14], "rotation": 90, "texture": "#1"},
				"west": {"uv": [9, 3, 12, 4], "rotation": 90, "texture": "#1"},
				"up": {"uv": [5, 5, 6, 6], "texture": "#texture"},
				"down": {"uv": [5, 5, 6, 6], "texture": "#texture"}
			}
		},
		{
			"from": [8, 0, 12],
			"to": [11, 3, 13],
			"rotation": {"angle": 0, "axis": "y", "origin": [4, 0, 2]},
			"faces": {
				"north": {"uv": [4, 2, 7, 5], "rotation": 90, "texture": "#1"},
				"east": {"uv": [9, 5, 12, 6], "rotation": 90, "texture": "#1"},
				"west": {"uv": [4, 10, 7, 11], "rotation": 90, "texture": "#1"},
				"up": {"uv": [8, 3, 11, 4], "texture": "#texture"},
				"down": {"uv": [8, 3, 11, 4], "texture": "#texture"}
			}
		},
		{
			"from": [9, 0, 9],
			"to": [10, 3, 12],
			"rotation": {"angle": 0, "axis": "y", "origin": [4, 0, 1]},
			"faces": {
				"north": {"uv": [4, 5, 7, 6], "rotation": 90, "texture": "#1"},
				"east": {"uv": [9, 4, 12, 7], "rotation": 90, "texture": "#1"},
				"west": {"uv": [4, 9, 7, 12], "rotation": 90, "texture": "#1"},
				"up": {"uv": [9, 7, 10, 4], "texture": "#texture"},
				"down": {"uv": [9, 4, 10, 7], "texture": "#texture"}
			}
		},
		{
			"from": [11, 0, 3],
			"to": [12, 3, 4],
			"rotation": {"angle": 0, "axis": "y", "origin": [6, 0, -5]},
			"faces": {
				"east": {"uv": [4, 5, 7, 6], "rotation": 90, "texture": "#1"},
				"south": {"uv": [4, 12, 7, 13], "rotation": 90, "texture": "#1"},
				"west": {"uv": [4, 10, 7, 11], "rotation": 90, "texture": "#1"},
				"up": {"uv": [11, 12, 12, 13], "texture": "#texture"},
				"down": {"uv": [11, 12, 12, 13], "texture": "#texture"}
			}
		},
		{
			"from": [9, 0, 3],
			"to": [10, 3, 6],
			"rotation": {"angle": 0, "axis": "y", "origin": [4, 0, -5]},
			"faces": {
				"east": {"uv": [9, 10, 12, 13], "rotation": 90, "texture": "#1"},
				"south": {"uv": [4, 10, 7, 11], "rotation": 90, "texture": "#1"},
				"west": {"uv": [4, 2, 7, 5], "rotation": 90, "texture": "#1"},
				"up": {"uv": [9, 10, 10, 13], "texture": "#texture"},
				"down": {"uv": [9, 10, 10, 13], "texture": "#texture"}
			}
		},
		{
			"from": [13, 0, 0],
			"to": [16, 3, 16],
			"rotation": {"angle": 0, "axis": "y", "origin": [13, 0, 0]},
			"faces": {
				"north": {"uv": [9, 13, 12, 16], "rotation": 90, "texture": "#1", "cullface": "north"},
				"east": {"uv": [4, 0, 7, 16], "rotation": 90, "texture": "#1", "cullface": "east"},
				"south": {"uv": [4, 0, 7, 3], "rotation": 90, "texture": "#1", "cullface": "south"},
				"west": {"uv": [9, 0, 12, 16], "rotation": 90, "texture": "#1"},
				"up": {"uv": [13, 16, 16, 0], "texture": "#texture"},
				"down": {"uv": [13, 0, 16, 16], "texture": "#texture"}
			}
		}
	],
	"groups": [
		{
			"name": "Warped Trapdoor",
			"origin": [8, 8, 8],
			"color": 0,
			"children": [0, 1, 2, 3, 4, 5, 6, 7, 8, 9, 10, 11, 12, 13, 14, 15, 16]
		}
	]
}