{
	"credit": "Butter did something here",
	"parent": "minecraft:block/cross",
	"ambientocclusion": false,
	"textures": {
		"1": "block/crimson_fungus_3d",
		"2": "block/crimson_fungus_bottom",
		"particle": "block/crimson_fungus"
	},
	"elements": [
		{
			"name": "Mushroom Bulb",
			"from": [4, 3, 2],
			"to": [14, 6, 12],
			"rotation": {"angle": 0, "axis": "y", "origin": [8, 8, 8]},
			"faces": {
				"north": {"uv": [6, 13, 16, 16], "texture": "#1"},
				"east": {"uv": [6, 10, 16, 13], "texture": "#1"},
				"south": {"uv": [6, 13, 16, 16], "texture": "#1"},
				"west": {"uv": [6, 10, 16, 13], "texture": "#1"},
				"up": {"uv": [6, 0, 16, 10], "rotation": 270, "texture": "#1"},
				"down": {"uv": [3, 3, 13, 13], "rotation": 90, "texture": "#2"}
			}
		},
		{
			"name": "Bulb 2",
			"from": [6, 6, 4],
			"to": [12, 9, 10],
			"rotation": {"angle": 0, "axis": "y", "origin": [8, 8, 8]},
			"faces": {
				"north": {"uv": [0, 13, 6, 16], "texture": "#1"},
				"east": {"uv": [0, 10, 6, 13], "texture": "#1"},
				"south": {"uv": [0, 13, 6, 16], "texture": "#1"},
				"west": {"uv": [0, 10, 6, 13], "texture": "#1"},
				"up": {"uv": [8, 2, 14, 8], "rotation": 270, "texture": "#1"}
			}
		},
		{
			"name": "Bulb 3",
			"from": [7, 9, 5],
			"to": [11, 10, 9],
			"rotation": {"angle": 0, "axis": "y", "origin": [8, 8, 8]},
			"faces": {
				"north": {"uv": [0, 4, 4, 5], "texture": "#1"},
				"east": {"uv": [4, 3, 0, 4], "rotation": 180, "texture": "#1"},
				"south": {"uv": [0, 4, 4, 5], "texture": "#1"},
				"west": {"uv": [0, 3, 4, 4], "texture": "#1"},
				"up": {"uv": [9, 3, 13, 7], "rotation": 270, "texture": "#1"}
			}
		},
		{
			"name": "Stem",
			"from": [8, 0, 6],
			"to": [10, 3, 8],
			"rotation": {"angle": 0, "axis": "y", "origin": [8, 8, 8]},
			"faces": {
				"north": {"uv": [0, 5, 2, 8], "texture": "#1"},
				"east": {"uv": [0, 5, 2, 8], "texture": "#1"},
				"south": {"uv": [0, 5, 2, 8], "texture": "#1"},
				"west": {"uv": [0, 5, 2, 8], "texture": "#1"}
			}
		}
	],
	"groups": [
		{
			"name": "Mushroom",
			"origin": [8, 8, 8],
			"color": 0,
			"children": [0, 1, 2, 3]
		}
	]
}