{
	"credit": "Butter did something here",
	"parent": "minecraft:block/cross",
	"ambientocclusion": false,
	"textures": {
		"1": "block/crimson_fungus_3d",
		"2": "block/crimson_fungus_bottom",
		"particle": "block/crimson_fungus"
	},
	"elements": [
		{
			"name": "Mushroom Bulb",
			"from": [2, 3, 6],
			"to": [10, 5, 14],
			"rotation": {"angle": 0, "axis": "y", "origin": [6, 5, 10]},
			"faces": {
				"north": {"uv": [6, 11, 14, 13], "texture": "#1"},
				"east": {"uv": [6, 14, 14, 16], "texture": "#1"},
				"south": {"uv": [8, 11, 16, 13], "texture": "#1"},
				"west": {"uv": [8, 14, 16, 16], "texture": "#1"},
				"up": {"uv": [7, 1, 15, 9], "texture": "#1"},
				"down": {"uv": [4, 4, 12, 12], "texture": "#2"}
			}
		},
		{
			"name": "Bulb 2",
			"from": [3, 5, 7],
			"to": [9, 8, 13],
			"rotation": {"angle": 0, "axis": "y", "origin": [6, 5, 10]},
			"faces": {
				"north": {"uv": [0, 10, 6, 13], "texture": "#1"},
				"east": {"uv": [0, 13, 6, 16], "texture": "#1"},
				"south": {"uv": [0, 10, 6, 13], "texture": "#1"},
				"west": {"uv": [0, 13, 6, 16], "texture": "#1"},
				"up": {"uv": [8, 2, 14, 8], "texture": "#1"},
				"down": {"uv": [0, 0, 0, 0], "texture": "#1"}
			}
		},
		{
			"name": "Bulb 3",
			"from": [4, 8, 8],
			"to": [8, 9, 12],
			"rotation": {"angle": 0, "axis": "y", "origin": [6, 5, 10]},
			"faces": {
				"north": {"uv": [0, 3, 4, 4], "texture": "#1"},
				"east": {"uv": [0, 4, 4, 5], "texture": "#1"},
				"south": {"uv": [4, 3, 0, 4], "rotation": 180, "texture": "#1"},
				"west": {"uv": [0, 4, 4, 5], "texture": "#1"},
				"up": {"uv": [9, 3, 13, 7], "texture": "#1"},
				"down": {"uv": [0, 0, 0, 0], "texture": "#1"}
			}
		},
		{
			"name": "Stem",
			"from": [5, 0, 9],
			"to": [7, 3, 11],
			"rotation": {"angle": 0, "axis": "y", "origin": [6, 5, 10]},
			"faces": {
				"north": {"uv": [0, 5, 2, 8], "texture": "#1"},
				"east": {"uv": [0, 5, 2, 8], "texture": "#1"},
				"south": {"uv": [0, 5, 2, 8], "texture": "#1"},
				"west": {"uv": [0, 5, 2, 8], "texture": "#1"},
				"up": {"uv": [0, 0, 0, 0], "rotation": 270, "texture": "#1"},
				"down": {"uv": [0, 0, 0, 0], "rotation": 90, "texture": "#1"}
			}
		},
		{
			"name": "Stem",
			"from": [11, 0, 5],
			"to": [12, 1, 6],
			"rotation": {"angle": 0, "axis": "y", "origin": [6, 5, 10]},
			"faces": {
				"north": {"uv": [0, 5, 1, 6], "texture": "#1"},
				"east": {"uv": [0, 7, 1, 8], "texture": "#1"},
				"south": {"uv": [1, 6, 2, 7], "texture": "#1"},
				"west": {"uv": [1, 7, 2, 8], "texture": "#1"},
				"up": {"uv": [0, 0, 0, 0], "rotation": 270, "texture": "#1"},
				"down": {"uv": [0, 0, 0, 0], "rotation": 90, "texture": "#1"}
			}
		},
		{
			"name": "Mushroom Bulb",
			"from": [10, 1, 4],
			"to": [13, 2, 7],
			"rotation": {"angle": 0, "axis": "y", "origin": [6, 5, 10]},
			"faces": {
				"north": {"uv": [10, 5, 13, 6], "texture": "#1"},
				"east": {"uv": [9, 6, 12, 7], "texture": "#1"},
				"south": {"uv": [10, 3, 13, 4], "texture": "#1"},
				"west": {"uv": [9, 3, 10, 6], "rotation": 270, "texture": "#1"},
				"up": {"uv": [10, 3, 13, 6], "texture": "#1"},
				"down": {"uv": [5, 5, 8, 8], "texture": "#2"}
			}
		}
	],
	"groups": [
		{
			"name": "Mushroom",
			"origin": [8, 8, 8],
			"color": 0,
			"children": [0, 1, 2, 3]
		},
		{
			"name": "Tiny Mushroom",
			"origin": [8, 8, 8],
			"color": 0,
			"children": [4, 5]
		}
	]
}