{
	"credit": "Stardust did something here",
	"parent": "minecraft:block/template_trapdoor_bottom",
	"textures": {
		"1": "block/oak_door_sides",
		"particle": "block/oak_trapdoor",
		"texture": "block/oak_trapdoor"
	},
	"elements": [
		{
			"name": "coob",
			"from": [13, 0, 13],
			"to": [16, 16, 16],
			"rotation": {"angle": 0, "axis": "z", "origin": [8, 8, 14.5]},
			"faces": {
				"north": {"uv": [3, 0, 0, 16], "rotation": 180, "texture": "#texture"},
				"east": {"uv": [3, 0, 6, 16], "texture": "#1", "cullface": "east"},
				"south": {"uv": [13, 0, 16, 16], "texture": "#texture"},
				"west": {"uv": [7, 0, 10, 16], "rotation": 180, "texture": "#1"},
				"up": {"uv": [7, 0, 10, 3], "rotation": 90, "texture": "#1", "cullface": "up"},
				"down": {"uv": [7, 13, 10, 16], "rotation": 270, "texture": "#1", "cullface": "down"}
			}
		},
		{
			"name": "coob",
			"from": [3, 13, 13],
			"to": [13, 16, 16],
			"rotation": {"angle": 0, "axis": "z", "origin": [8, 8, 14.5]},
			"faces": {
				"north": {"uv": [3, 3, 13, 0], "rotation": 180, "texture": "#texture"},
				"south": {"uv": [3, 0, 13, 3], "texture": "#texture"},
				"up": {"uv": [7, 3, 10, 13], "rotation": 270, "texture": "#1", "cullface": "up"},
				"down": {"uv": [3, 3, 6, 13], "rotation": 90, "texture": "#1"}
			}
		},
		{
			"name": "coob",
			"from": [0, 0, 13],
			"to": [3, 16, 16],
			"rotation": {"angle": 0, "axis": "z", "origin": [8, 8, 14.5]},
			"faces": {
				"north": {"uv": [16, 0, 13, 16], "rotation": 180, "texture": "#texture"},
				"east": {"uv": [7, 0, 10, 16], "texture": "#1"},
				"south": {"uv": [0, 0, 3, 16], "texture": "#texture"},
				"west": {"uv": [3, 0, 6, 16], "rotation": 180, "texture": "#1", "cullface": "west"},
				"up": {"uv": [7, 13, 10, 16], "rotation": 90, "texture": "#1", "cullface": "up"},
				"down": {"uv": [7, 0, 10, 3], "rotation": 270, "texture": "#1", "cullface": "down"}
			}
		},
		{
			"name": "coob",
			"from": [3, 0, 13],
			"to": [13, 3, 16],
			"rotation": {"angle": 0, "axis": "z", "origin": [8, 8, 14.5]},
			"faces": {
				"north": {"uv": [3, 16, 13, 13], "rotation": 180, "texture": "#texture"},
				"south": {"uv": [3, 13, 13, 16], "texture": "#texture"},
				"up": {"uv": [3, 3, 6, 13], "rotation": 270, "texture": "#1"},
				"down": {"uv": [7, 3, 10, 13], "rotation": 90, "texture": "#1", "cullface": "down"}
			}
		},
		{
			"name": "coob",
			"from": [3, 6, 13],
			"to": [13, 10, 16],
			"rotation": {"angle": 0, "axis": "z", "origin": [8, 8, 14.5]},
			"faces": {
				"north": {"uv": [13, 10, 3, 6], "rotation": 180, "texture": "#texture"},
				"south": {"uv": [13, 10, 3, 6], "rotation": 180, "texture": "#texture"},
				"up": {"uv": [7, 2, 10, 12], "rotation": 270, "texture": "#1"},
				"down": {"uv": [3, 2, 6, 12], "rotation": 90, "texture": "#1"}
			}
		},
		{
			"name": "coob",
			"from": [6, 3, 13],
			"to": [10, 13, 16],
			"rotation": {"angle": 0, "axis": "z", "origin": [8, 8, 14.5]},
			"faces": {
				"north": {"uv": [10, 13, 6, 3], "rotation": 180, "texture": "#texture"},
				"east": {"uv": [7, 3, 10, 13], "texture": "#1"},
				"south": {"uv": [10, 13, 6, 3], "rotation": 180, "texture": "#texture"},
				"west": {"uv": [3, 3, 6, 13], "rotation": 180, "texture": "#1"}
			}
		}
	],
	"display": {
		"thirdperson_righthand": {
			"rotation": [75, 45, 0],
			"translation": [0, 2.5, 0],
			"scale": [0.375, 0.375, 0.375]
		},
		"thirdperson_lefthand": {
			"rotation": [75, 45, 0],
			"translation": [0, 2.5, 0],
			"scale": [0.375, 0.375, 0.375]
		},
		"firstperson_righthand": {
			"rotation": [0, 45, 0],
			"translation": [0, 4.25, 0.5],
			"scale": [0.4, 0.4, 0.4]
		},
		"firstperson_lefthand": {
			"rotation": [0, 45, 0],
			"translation": [0, 4.25, 0.5],
			"scale": [0.4, 0.4, 0.4]
		},
		"ground": {
			"translation": [0, -1, 0],
			"scale": [0.25, 0.25, 0.25]
		},
		"gui": {
			"rotation": [30, 225, 0],
			"scale": [0.625, 0.625, 0.625]
		},
		"head": {
			"translation": [0, 13.75, 0.5]
		},
		"fixed": {
			"scale": [0.5, 0.5, 0.5]
		}
	},
	"groups": [
		{
			"name": "oak trapdoor",
			"origin": [8, 14.5, 8],
			"color": 0,
			"children": [0, 1, 2, 3, 4, 5]
		}
	]
}