{
	"credit": "Stardust did something here",
	"parent": "block/thin_block",
	"textures": {
		"1": "block/cherry_door_sides",
		"particle": "block/cherry_trapdoor",
		"texture": "block/cherry_trapdoor"
	},
	"elements": [
		{
			"name": "Top",
			"from": [0, 0, 13],
			"to": [16, 4, 16],
			"rotation": {"angle": 0, "axis": "y", "origin": [8, 8, 14.5]},
			"faces": {
				"north": {"uv": [0, 0, 16, 4], "rotation": 180, "texture": "#texture"},
				"east": {"uv": [6, 0, 9, 4], "rotation": 180, "texture": "#1", "cullface": "east"},
				"south": {"uv": [16, 4, 0, 0], "texture": "#texture"},
				"west": {"uv": [3, 12, 6, 16], "texture": "#1", "cullface": "west"},
				"up": {"uv": [3, 0, 6, 16], "rotation": 90, "texture": "#1"},
				"down": {"uv": [6, 0, 9, 16], "rotation": 270, "texture": "#1", "cullface": "down"}
			}
		},
		{
			"name": "Bot",
			"from": [0, 12, 13],
			"to": [16, 16, 16],
			"rotation": {"angle": 0, "axis": "y", "origin": [8, 8, 14.5]},
			"faces": {
				"north": {"uv": [0, 12, 16, 16], "rotation": 180, "texture": "#texture"},
				"east": {"uv": [6, 12, 9, 16], "rotation": 180, "texture": "#1", "cullface": "east"},
				"south": {"uv": [16, 16, 0, 12], "texture": "#texture"},
				"west": {"uv": [3, 0, 6, 4], "texture": "#1", "cullface": "west"},
				"up": {"uv": [6, 0, 9, 16], "rotation": 90, "texture": "#1", "cullface": "up"},
				"down": {"uv": [3, 0, 6, 16], "rotation": 270, "texture": "#1"}
			}
		},
		{
			"name": "Left",
			"from": [0, 4, 13],
			"to": [4, 12, 16],
			"rotation": {"angle": 0, "axis": "y", "origin": [8, 8, 14.5]},
			"faces": {
				"north": {"uv": [0, 4, 4, 12], "rotation": 180, "texture": "#texture"},
				"east": {"uv": [6, 4, 9, 12], "rotation": 180, "texture": "#1"},
				"south": {"uv": [16, 4, 12, 12], "texture": "#texture"},
				"west": {"uv": [3, 4, 6, 12], "texture": "#1", "cullface": "west"},
				"up": {"uv": [0, 0, 4, 3], "texture": "#missing"},
				"down": {"uv": [0, 0, 4, 3], "rotation": 180, "texture": "#missing"}
			}
		},
		{
			"name": "Right",
			"from": [12, 4, 13],
			"to": [16, 12, 16],
			"rotation": {"angle": 0, "axis": "y", "origin": [8, 8, 14.5]},
			"faces": {
				"north": {"uv": [12, 4, 16, 12], "rotation": 180, "texture": "#texture"},
				"east": {"uv": [6, 4, 9, 12], "rotation": 180, "texture": "#1", "cullface": "east"},
				"south": {"uv": [4, 4, 0, 12], "texture": "#texture"},
				"west": {"uv": [3, 4, 6, 12], "texture": "#1"},
				"up": {"uv": [0, 0, 4, 3], "texture": "#missing"},
				"down": {"uv": [0, 0, 4, 3], "rotation": 180, "texture": "#missing"}
			}
		},
		{
			"from": [6, 4, 13.8],
			"to": [7, 12, 15.2],
			"rotation": {"angle": 0, "axis": "y", "origin": [8, 8, 14.5]},
			"faces": {
				"north": {"uv": [6, 4, 7, 12], "rotation": 180, "texture": "#texture"},
				"east": {"uv": [6, 4, 7, 12], "rotation": 180, "texture": "#texture"},
				"south": {"uv": [6, 4, 7, 12], "texture": "#texture"},
				"west": {"uv": [6, 4, 7, 12], "texture": "#texture"},
				"up": {"uv": [0, 0, 1, 1], "texture": "#missing"},
				"down": {"uv": [0, 0, 1, 1], "rotation": 180, "texture": "#missing"}
			}
		},
		{
			"from": [9, 4, 13.8],
			"to": [10, 12, 15.2],
			"rotation": {"angle": 0, "axis": "y", "origin": [8, 8, 14.5]},
			"faces": {
				"north": {"uv": [9, 4, 10, 12], "rotation": 180, "texture": "#texture"},
				"east": {"uv": [9, 4, 10, 12], "rotation": 180, "texture": "#texture"},
				"south": {"uv": [9, 4, 10, 12], "texture": "#texture"},
				"west": {"uv": [9, 4, 10, 12], "texture": "#texture"},
				"up": {"uv": [0, 0, 1, 1], "texture": "#missing"},
				"down": {"uv": [0, 0, 1, 1], "rotation": 180, "texture": "#missing"}
			}
		},
		{
			"from": [4, 6, 14],
			"to": [12, 7, 15],
			"rotation": {"angle": 0, "axis": "y", "origin": [8, 8, 14.5]},
			"faces": {
				"north": {"uv": [4, 6, 12, 7], "rotation": 180, "texture": "#texture"},
				"east": {"uv": [0, 0, 1, 1], "rotation": 90, "texture": "#missing"},
				"south": {"uv": [4, 6, 12, 7], "texture": "#texture"},
				"west": {"uv": [0, 0, 1, 1], "rotation": 270, "texture": "#missing"},
				"up": {"uv": [4, 6, 12, 7], "texture": "#texture"},
				"down": {"uv": [4, 6, 12, 7], "rotation": 180, "texture": "#texture"}
			}
		},
		{
			"from": [4, 9, 14],
			"to": [12, 10, 15],
			"rotation": {"angle": 0, "axis": "y", "origin": [8, 8, 14.5]},
			"faces": {
				"north": {"uv": [4, 9, 12, 10], "rotation": 180, "texture": "#texture"},
				"east": {"uv": [0, 0, 1, 1], "rotation": 90, "texture": "#missing"},
				"south": {"uv": [4, 9, 12, 10], "texture": "#texture"},
				"west": {"uv": [0, 0, 1, 1], "rotation": 270, "texture": "#missing"},
				"up": {"uv": [4, 9, 12, 10], "texture": "#texture"},
				"down": {"uv": [4, 9, 12, 10], "rotation": 180, "texture": "#texture"}
			}
		}
	],
	"groups": [
		{
			"name": "Cherry Trapdoor",
			"origin": [0, 0, 0],
			"color": 0,
			"children": [
				0,
				1,
				2,
				3,
				{
					"name": "Mesh",
					"origin": [0, 0, 0],
					"color": 0,
					"children": [4, 5, 6, 7]
				}
			]
		}
	]
}