{
	"credit": "The Stardust System did something here",
	"parent": "block/thin_block",
	"textures": {
		"1": "block/bamboo_door_sides",
		"particle": "block/bamboo_trapdoor",
		"texture": "block/bamboo_trapdoor"
	},
	"elements": [
		{
			"name": "Bot",
			"from": [0, 13, 0],
			"to": [16, 16, 2],
			"rotation": {"angle": 0, "axis": "y", "origin": [8, 14.5, 8]},
			"faces": {
				"north": {"uv": [3, 0, 6, 16], "rotation": 90, "texture": "#1", "cullface": "north"},
				"east": {"uv": [3, 0, 6, 2], "rotation": 90, "texture": "#1", "cullface": "east"},
				"south": {"uv": [6, 0, 9, 16], "rotation": 90, "texture": "#1"},
				"west": {"uv": [6, 14, 9, 16], "rotation": 90, "texture": "#1", "cullface": "west"},
				"up": {"uv": [0, 16, 16, 14], "texture": "#texture"},
				"down": {"uv": [0, 14, 16, 16], "texture": "#texture"}
			}
		},
		{
			"name": "Top",
			"from": [0, 13, 14],
			"to": [16, 16, 16],
			"rotation": {"angle": 0, "axis": "y", "origin": [8, 14.5, 8]},
			"faces": {
				"north": {"uv": [3, 0, 6, 16], "rotation": 90, "texture": "#1"},
				"east": {"uv": [3, 14, 6, 16], "rotation": 90, "texture": "#1", "cullface": "east"},
				"south": {"uv": [6, 0, 9, 16], "rotation": 90, "texture": "#1", "cullface": "south"},
				"west": {"uv": [6, 0, 9, 2], "rotation": 90, "texture": "#1", "cullface": "west"},
				"up": {"uv": [0, 2, 16, 0], "texture": "#texture"},
				"down": {"uv": [0, 0, 16, 2], "texture": "#texture"}
			}
		},
		{
			"name": "Left",
			"from": [14, 13, 2],
			"to": [16, 16, 14],
			"rotation": {"angle": 0, "axis": "y", "origin": [8, 14.5, 8]},
			"faces": {
				"east": {"uv": [3, 2, 6, 14], "rotation": 90, "texture": "#1", "cullface": "east"},
				"west": {"uv": [6, 3, 9, 15], "rotation": 90, "texture": "#1"},
				"up": {"uv": [2, 2, 0, 14], "texture": "#texture"},
				"down": {"uv": [14, 2, 16, 14], "texture": "#texture"}
			}
		},
		{
			"name": "Right",
			"from": [0, 13, 2],
			"to": [2, 16, 14],
			"rotation": {"angle": 0, "axis": "y", "origin": [8, 14.5, 8]},
			"faces": {
				"east": {"uv": [6, 2, 9, 14], "rotation": 90, "texture": "#1"},
				"west": {"uv": [6, 2, 9, 14], "rotation": 90, "texture": "#1", "cullface": "west"},
				"up": {"uv": [16, 2, 14, 14], "texture": "#texture"},
				"down": {"uv": [0, 3, 2, 15], "texture": "#texture"}
			}
		},
		{
			"name": "Inner",
			"from": [3, 13.5, 2],
			"to": [13, 15.5, 3],
			"rotation": {"angle": 0, "axis": "y", "origin": [8, 14.5, 8]},
			"faces": {
				"south": {"uv": [4, 3, 5, 15], "rotation": 90, "texture": "#1"},
				"up": {"uv": [3, 13, 13, 14], "texture": "#texture"},
				"down": {"uv": [3, 13, 13, 14], "texture": "#texture"}
			}
		},
		{
			"name": "Inner",
			"from": [3, 13.5, 13],
			"to": [13, 15.5, 14],
			"rotation": {"angle": 0, "axis": "y", "origin": [8, 14.5, 8]},
			"faces": {
				"north": {"uv": [7, 2, 8, 12], "rotation": 90, "texture": "#1"},
				"up": {"uv": [3, 2, 13, 3], "texture": "#texture"},
				"down": {"uv": [3, 2, 13, 3], "texture": "#texture"}
			}
		},
		{
			"name": "Inner",
			"from": [2, 13.5, 2],
			"to": [3, 15.5, 14],
			"rotation": {"angle": 0, "axis": "y", "origin": [8, 14.5, 8]},
			"faces": {
				"east": {"uv": [4, 2, 5, 14], "rotation": 90, "texture": "#1"},
				"up": {"uv": [2, 14, 3, 2], "texture": "#texture"},
				"down": {"uv": [2, 2, 3, 14], "texture": "#texture"}
			}
		},
		{
			"name": "Inner",
			"from": [13, 13.5, 2],
			"to": [14, 15.5, 14],
			"rotation": {"angle": 0, "axis": "y", "origin": [8, 14.5, 8]},
			"faces": {
				"west": {"uv": [4, 3, 5, 15], "rotation": 90, "texture": "#1"},
				"up": {"uv": [13, 14, 14, 2], "texture": "#texture"},
				"down": {"uv": [13, 2, 14, 14], "texture": "#texture"}
			}
		},
		{
			"name": "Mesh",
			"from": [3, 14.1, 4],
			"to": [13, 14.9, 5],
			"rotation": {"angle": 0, "axis": "y", "origin": [3, 13, 4]},
			"faces": {
				"north": {"uv": [3, 11, 13, 12], "texture": "#texture"},
				"south": {"uv": [3, 11, 13, 12], "texture": "#texture"},
				"up": {"uv": [3, 11, 13, 12], "texture": "#texture"},
				"down": {"uv": [3, 11, 13, 12], "texture": "#texture"}
			}
		},
		{
			"name": "Mesh",
			"from": [3, 14.1, 11],
			"to": [13, 14.9, 12],
			"rotation": {"angle": 0, "axis": "y", "origin": [3, 13, 11]},
			"faces": {
				"north": {"uv": [3, 4, 13, 5], "texture": "#texture"},
				"south": {"uv": [3, 4, 13, 5], "texture": "#texture"},
				"up": {"uv": [3, 4, 13, 5], "texture": "#texture"},
				"down": {"uv": [3, 4, 13, 5], "texture": "#texture"}
			}
		},
		{
			"name": "Mesh",
			"from": [11, 13.9, 3],
			"to": [12, 15.1, 13],
			"rotation": {"angle": 0, "axis": "y", "origin": [3, 13, 11]},
			"faces": {
				"east": {"uv": [4, 3, 5, 13], "rotation": 90, "texture": "#texture"},
				"west": {"uv": [4, 3, 5, 13], "rotation": 90, "texture": "#texture"},
				"up": {"uv": [14, 4, 15, 14], "texture": "#1"},
				"down": {"uv": [14, 4, 15, 14], "texture": "#1"}
			}
		},
		{
			"name": "Mesh",
			"from": [4, 13.9, 3],
			"to": [5, 15.1, 13],
			"rotation": {"angle": 0, "axis": "y", "origin": [-4, 13, 11]},
			"faces": {
				"east": {"uv": [11, 3, 12, 13], "rotation": 90, "texture": "#texture"},
				"west": {"uv": [11, 3, 12, 13], "rotation": 90, "texture": "#texture"},
				"up": {"uv": [14, 4, 15, 14], "texture": "#1"},
				"down": {"uv": [14, 4, 15, 14], "texture": "#1"}
			}
		},
		{
			"name": "Mesh",
			"from": [6, 14, 9],
			"to": [7, 15, 13],
			"rotation": {"angle": 0, "axis": "y", "origin": [-2, 13, 11]},
			"faces": {
				"north": {"uv": [9, 6, 10, 7], "texture": "#texture"},
				"east": {"uv": [9, 7, 10, 3], "rotation": 90, "texture": "#texture"},
				"west": {"uv": [9, 3, 10, 7], "rotation": 90, "texture": "#texture"},
				"up": {"uv": [9, 7, 10, 3], "texture": "#texture"},
				"down": {"uv": [9, 3, 10, 7], "texture": "#texture"}
			}
		},
		{
			"name": "Mesh",
			"from": [6, 14, 3],
			"to": [7, 15, 7],
			"rotation": {"angle": 0, "axis": "y", "origin": [-2, 13, 5]},
			"faces": {
				"east": {"uv": [9, 13, 10, 9], "rotation": 90, "texture": "#texture"},
				"south": {"uv": [9, 9, 10, 10], "texture": "#texture"},
				"west": {"uv": [9, 9, 10, 13], "rotation": 90, "texture": "#texture"},
				"up": {"uv": [9, 13, 10, 9], "texture": "#texture"},
				"down": {"uv": [9, 9, 10, 13], "texture": "#texture"}
			}
		},
		{
			"name": "Mesh",
			"from": [9, 14, 9],
			"to": [10, 15, 13],
			"rotation": {"angle": 0, "axis": "y", "origin": [1, 13, 11]},
			"faces": {
				"north": {"uv": [6, 6, 7, 7], "texture": "#texture"},
				"east": {"uv": [7, 7, 6, 3], "rotation": 90, "texture": "#texture"},
				"west": {"uv": [6, 3, 7, 7], "rotation": 90, "texture": "#texture"},
				"up": {"uv": [7, 7, 6, 3], "texture": "#texture"},
				"down": {"uv": [6, 3, 7, 7], "texture": "#texture"}
			}
		},
		{
			"name": "Mesh",
			"from": [9, 14, 3],
			"to": [10, 15, 7],
			"rotation": {"angle": 0, "axis": "y", "origin": [1, 13, 5]},
			"faces": {
				"east": {"uv": [6, 13, 7, 9], "rotation": 90, "texture": "#texture"},
				"south": {"uv": [6, 9, 7, 10], "texture": "#texture"},
				"west": {"uv": [6, 9, 7, 13], "rotation": 90, "texture": "#texture"},
				"up": {"uv": [6, 13, 7, 9], "texture": "#texture"},
				"down": {"uv": [6, 9, 7, 13], "texture": "#texture"}
			}
		},
		{
			"name": "Mesh",
			"from": [3, 14, 9],
			"to": [6, 15, 10],
			"rotation": {"angle": 0, "axis": "y", "origin": [-3, 13, 8]},
			"faces": {
				"north": {"uv": [10, 6, 13, 7], "texture": "#texture"},
				"south": {"uv": [13, 6, 10, 7], "texture": "#texture"},
				"up": {"uv": [13, 6, 10, 7], "texture": "#texture"},
				"down": {"uv": [9, 6, 13, 7], "texture": "#texture"}
			}
		},
		{
			"name": "Mesh",
			"from": [3, 14, 6],
			"to": [6, 15, 7],
			"rotation": {"angle": 0, "axis": "y", "origin": [-3, 13, 5]},
			"faces": {
				"north": {"uv": [13, 9, 10, 10], "texture": "#texture"},
				"south": {"uv": [13, 9, 10, 10], "texture": "#texture"},
				"up": {"uv": [13, 9, 10, 10], "texture": "#texture"},
				"down": {"uv": [13, 9, 10, 10], "texture": "#texture"}
			}
		},
		{
			"name": "Mesh",
			"from": [10, 14, 6],
			"to": [13, 15, 7],
			"rotation": {"angle": 0, "axis": "y", "origin": [4, 13, 5]},
			"faces": {
				"north": {"uv": [3, 9, 6, 10], "texture": "#texture"},
				"south": {"uv": [6, 9, 3, 10], "texture": "#texture"},
				"up": {"uv": [6, 9, 3, 10], "texture": "#texture"},
				"down": {"uv": [3, 9, 6, 10], "texture": "#texture"}
			}
		},
		{
			"name": "Mesh",
			"from": [10, 14, 9],
			"to": [13, 15, 10],
			"rotation": {"angle": 0, "axis": "y", "origin": [4, 13, 8]},
			"faces": {
				"north": {"uv": [3, 6, 6, 7], "texture": "#texture"},
				"south": {"uv": [3, 6, 6, 7], "texture": "#texture"},
				"up": {"uv": [6, 6, 3, 7], "texture": "#texture"},
				"down": {"uv": [3, 6, 6, 7], "texture": "#texture"}
			}
		}
	],
	"groups": [
		{
			"name": "Bamboo Trapdoor",
			"origin": [-13, 0, 10],
			"color": 0,
			"children": [
				0,
				1,
				2,
				3,
				{
					"name": "Inner",
					"origin": [-13, 0, 10],
					"color": 0,
					"children": [4, 5, 6, 7]
				},
				{
					"name": "Mesh",
					"origin": [-13, 0, 10],
					"color": 0,
					"children": [8, 9, 10, 11, 12, 13, 14, 15, 16, 17, 18, 19]
				}
			]
		}
	]
}