{
	"credit": "Stardust did something here",
	"ambientocclusion": false,
	"textures": {
		"1": "block/dark_oak_door_top_right",
		"2": "block/dark_oak_door_sides",
		"particle": "block/dark_oak_door_top",
		"bottom": "block/dark_oak_door_top"
	},
	"elements": [
		{
			"name": "Left",
			"from": [0, 1, 0],
			"to": [3, 16, 2],
			"rotation": {"angle": 0, "axis": "y", "origin": [1.5, 7.75, 8]},
			"faces": {
				"north": {"uv": [0, 0, 3, 15], "texture": "#2", "cullface": "north"},
				"east": {"uv": [14, 0, 16, 15], "texture": "#1"},
				"south": {"uv": [7, 1, 8, 16], "texture": "#2"},
				"west": {"uv": [0, 0, 2, 15], "texture": "#bottom", "cullface": "west"},
				"up": {"uv": [9, 0, 12, 2], "texture": "#2", "cullface": "up"}
			}
		},
		{
			"name": "Right",
			"from": [0, 1, 14],
			"to": [3, 16, 16],
			"rotation": {"angle": 0, "axis": "y", "origin": [1.5, 7.75, 8]},
			"faces": {
				"north": {"uv": [7, 2, 8, 16], "texture": "#2"},
				"east": {"uv": [0, 0, 2, 15], "texture": "#1"},
				"south": {"uv": [6, 0, 9, 15], "texture": "#2", "cullface": "south"},
				"west": {"uv": [14, 0, 16, 15], "texture": "#bottom", "cullface": "west"},
				"up": {"uv": [6, 14, 9, 16], "texture": "#2", "cullface": "up"}
			}
		},
		{
			"name": "Top",
			"from": [0, 14, 2],
			"to": [3, 16, 14],
			"rotation": {"angle": 0, "axis": "y", "origin": [1.5, 7.75, 8]},
			"faces": {
				"east": {"uv": [2, 0, 14, 2], "texture": "#1"},
				"west": {"uv": [2, 0, 14, 2], "texture": "#bottom", "cullface": "west"},
				"up": {"uv": [6, 2, 9, 14], "texture": "#2", "cullface": "up"},
				"down": {"uv": [9, 2, 12, 14], "texture": "#2"}
			}
		},
		{
			"name": "Mid",
			"from": [0, 1, 7],
			"to": [3, 14, 9],
			"rotation": {"angle": 0, "axis": "y", "origin": [1.5, 7.75, 8]},
			"faces": {
				"north": {"uv": [14, 2, 15, 13], "texture": "#2"},
				"east": {"uv": [7, 3, 9, 15], "texture": "#1"},
				"south": {"uv": [14, 2, 15, 13], "texture": "#2"},
				"west": {"uv": [7, 2, 9, 15], "texture": "#bottom", "cullface": "west"}
			}
		},
		{
			"name": "Bot",
			"from": [0, 0, 0],
			"to": [3, 1, 16],
			"rotation": {"angle": 0, "axis": "y", "origin": [1.5, 7.75, 8]},
			"faces": {
				"north": {"uv": [0, 15, 3, 16], "texture": "#2", "cullface": "north"},
				"east": {"uv": [0, 15, 16, 16], "texture": "#1"},
				"south": {"uv": [6, 15, 9, 16], "texture": "#2", "cullface": "south"},
				"west": {"uv": [0, 15, 16, 16], "texture": "#bottom", "cullface": "west"},
				"up": {"uv": [14, 2, 15, 14], "texture": "#2"}
			}
		},
		{
			"name": "Knob",
			"from": [-0.3, 0, 11],
			"to": [0, 1, 14],
			"rotation": {"angle": 0, "axis": "y", "origin": [1.5, 7.75, 8]},
			"faces": {
				"north": {"uv": [11, 15, 12, 16], "texture": "#bottom", "cullface": "west"},
				"south": {"uv": [13, 15, 14, 16], "texture": "#bottom", "cullface": "west"},
				"west": {"uv": [11, 15, 14, 16], "texture": "#bottom", "cullface": "west"},
				"up": {"uv": [11, 15, 14, 16], "rotation": 90, "texture": "#bottom", "cullface": "west"},
				"down": {"uv": [14, 15, 11, 16], "rotation": 90, "texture": "#bottom", "cullface": "west"}
			}
		},
		{
			"name": "Knob",
			"from": [3, 0, 11],
			"to": [3.3, 1, 14],
			"rotation": {"angle": 0, "axis": "y", "origin": [1.5, 7.75, 8]},
			"faces": {
				"north": {"uv": [4, 15, 5, 16], "texture": "#1"},
				"east": {"uv": [2, 15, 5, 16], "texture": "#1"},
				"south": {"uv": [2, 15, 3, 16], "texture": "#1"},
				"up": {"uv": [2, 15, 5, 16], "rotation": 270, "texture": "#1"},
				"down": {"uv": [5, 15, 2, 16], "rotation": 270, "texture": "#1"}
			}
		},
		{
			"name": "Inner",
			"from": [1, 2, 3],
			"to": [2, 13, 6],
			"rotation": {"angle": 0, "axis": "y", "origin": [1.5, 7.75, 8]},
			"faces": {
				"east": {"uv": [10, 3, 13, 14], "texture": "#1"},
				"west": {"uv": [3, 3, 6, 14], "texture": "#bottom", "cullface": "west"}
			}
		},
		{
			"name": "Inner",
			"from": [1, 2, 10],
			"to": [2, 13, 13],
			"rotation": {"angle": 0, "axis": "y", "origin": [1.5, 7.75, 8]},
			"faces": {
				"east": {"uv": [3, 3, 6, 14], "texture": "#1"},
				"west": {"uv": [10, 3, 13, 14], "texture": "#bottom"}
			}
		},
		{
			"name": "Inner",
			"from": [0.5, 1, 6],
			"to": [2.5, 14, 7],
			"rotation": {"angle": 0, "axis": "y", "origin": [1.5, 7.75, 8]},
			"faces": {
				"north": {"uv": [13, 1, 15, 14], "texture": "#2"},
				"east": {"uv": [9, 2, 10, 15], "texture": "#1"},
				"west": {"uv": [6, 2, 7, 15], "texture": "#bottom", "cullface": "west"}
			}
		},
		{
			"name": "Inner",
			"from": [0.5, 1, 2],
			"to": [2.5, 14, 3],
			"rotation": {"angle": 0, "axis": "y", "origin": [1.5, 7.75, 8]},
			"faces": {
				"east": {"uv": [13, 2, 14, 15], "texture": "#1"},
				"south": {"uv": [13, 1, 15, 14], "texture": "#2"},
				"west": {"uv": [2, 2, 3, 15], "texture": "#bottom", "cullface": "west"}
			}
		},
		{
			"name": "Inner",
			"from": [0.5, 1, 13],
			"to": [2.5, 14, 14],
			"rotation": {"angle": 0, "axis": "y", "origin": [1.5, 7.75, 8]},
			"faces": {
				"north": {"uv": [13, 1, 15, 14], "texture": "#2"},
				"east": {"uv": [2, 2, 3, 15], "texture": "#1"},
				"west": {"uv": [13, 2, 14, 15], "texture": "#bottom", "cullface": "west"}
			}
		},
		{
			"name": "Inner",
			"from": [0.5, 1, 10],
			"to": [2.5, 2, 13],
			"rotation": {"angle": 0, "axis": "y", "origin": [1.5, 7.75, 8]},
			"faces": {
				"east": {"uv": [3, 14, 6, 15], "texture": "#1"},
				"west": {"uv": [10, 14, 13, 15], "texture": "#bottom", "cullface": "west"},
				"up": {"uv": [14, 6, 15, 9], "texture": "#2"}
			}
		},
		{
			"name": "Inner",
			"from": [0.5, 1, 3],
			"to": [2.5, 2, 6],
			"rotation": {"angle": 0, "axis": "y", "origin": [1.5, 7.75, 8]},
			"faces": {
				"east": {"uv": [10, 14, 13, 15], "texture": "#1"},
				"west": {"uv": [3, 14, 6, 15], "texture": "#bottom", "cullface": "west"},
				"up": {"uv": [14, 9, 15, 6], "texture": "#2"}
			}
		},
		{
			"name": "Inner",
			"from": [0.5, 13, 3],
			"to": [2.5, 14, 6],
			"rotation": {"angle": 0, "axis": "y", "origin": [1.5, 7.75, 8]},
			"faces": {
				"east": {"uv": [10, 2, 13, 3], "texture": "#1"},
				"west": {"uv": [3, 2, 6, 3], "texture": "#bottom", "cullface": "west"},
				"down": {"uv": [7, 11, 8, 14], "texture": "#2"}
			}
		},
		{
			"name": "Inner",
			"from": [0.5, 13, 10],
			"to": [2.5, 14, 13],
			"rotation": {"angle": 0, "axis": "y", "origin": [1.5, 7.75, 8]},
			"faces": {
				"east": {"uv": [3, 2, 6, 3], "texture": "#1"},
				"west": {"uv": [10, 2, 13, 3], "texture": "#bottom", "cullface": "west"},
				"down": {"uv": [13, 2, 14, 5], "texture": "#2"}
			}
		},
		{
			"name": "Inner",
			"from": [0.5, 1, 9],
			"to": [2.5, 14, 10],
			"rotation": {"angle": 0, "axis": "y", "origin": [1.5, 7.75, 8]},
			"faces": {
				"east": {"uv": [6, 2, 7, 15], "texture": "#1"},
				"south": {"uv": [13, 1, 15, 14], "texture": "#2"},
				"west": {"uv": [9, 2, 10, 15], "texture": "#bottom", "cullface": "west"}
			}
		}
	],
	"groups": [
		{
			"name": "Dark Oak Door",
			"origin": [0, 0, 0],
			"color": 0,
			"children": [
				0,
				1,
				2,
				3,
				4,
				5,
				6,
				{
					"name": "Inner Inner",
					"origin": [1.5, 8.25, 8],
					"color": 0,
					"children": [
						7,
						8,
						{
							"name": "Inner",
							"origin": [0, 0, 0],
							"color": 0,
							"children": [9, 10, 11, 12, 13, 14, 15, 16]
						}
					]
				}
			]
		}
	]
}