{
	"credit": "Stardust did something here",
	"ambientocclusion": false,
	"textures": {
		"1": "block/dark_oak_door_bottom_right",
		"2": "block/dark_oak_door_sides",
		"particle": "block/dark_oak_door_bottom",
		"bottom": "block/dark_oak_door_bottom"
	},
	"elements": [
		{
			"name": "Left",
			"from": [0, 0, 0],
			"to": [3, 15, 2],
			"rotation": {"angle": 0, "axis": "y", "origin": [1.5, 8.25, 8]},
			"faces": {
				"north": {"uv": [3, 1, 6, 16], "texture": "#2", "cullface": "north"},
				"east": {"uv": [14, 1, 16, 16], "texture": "#1"},
				"south": {"uv": [7, 2, 8, 17], "texture": "#2"},
				"west": {"uv": [0, 1, 2, 16], "texture": "#bottom", "cullface": "west"},
				"down": {"uv": [9, 14, 12, 16], "texture": "#2", "cullface": "down"}
			}
		},
		{
			"name": "Right",
			"from": [0, 0, 14],
			"to": [3, 15, 16],
			"rotation": {"angle": 0, "axis": "y", "origin": [1.5, 8.25, 8]},
			"faces": {
				"north": {"uv": [7, 2, 8, 16], "texture": "#2"},
				"east": {"uv": [0, 1, 2, 16], "texture": "#1"},
				"south": {"uv": [9, 1, 12, 16], "texture": "#2", "cullface": "south"},
				"west": {"uv": [14, 1, 16, 16], "texture": "#bottom", "cullface": "west"},
				"down": {"uv": [9, 0, 12, 2], "texture": "#2", "cullface": "down"}
			}
		},
		{
			"name": "Bottom",
			"from": [0, 0, 2],
			"to": [3, 2, 14],
			"rotation": {"angle": 0, "axis": "y", "origin": [1.5, 8.25, 8]},
			"faces": {
				"east": {"uv": [2, 14, 14, 16], "texture": "#1"},
				"west": {"uv": [2, 14, 14, 16], "texture": "#bottom", "cullface": "west"},
				"up": {"uv": [14, 2, 15, 14], "texture": "#2"},
				"down": {"uv": [9, 2, 12, 14], "texture": "#2", "cullface": "down"}
			}
		},
		{
			"name": "Mid",
			"from": [0, 2, 7],
			"to": [3, 15, 9],
			"rotation": {"angle": 0, "axis": "y", "origin": [1.5, 8.25, 8]},
			"faces": {
				"north": {"uv": [14, 2, 15, 13], "texture": "#2"},
				"east": {"uv": [7, 2, 9, 14], "texture": "#1"},
				"south": {"uv": [14, 2, 15, 13], "texture": "#2"},
				"west": {"uv": [7, 1, 9, 14], "texture": "#bottom", "cullface": "west"}
			}
		},
		{
			"name": "Top",
			"from": [0, 15, 0],
			"to": [3, 16, 16],
			"rotation": {"angle": 0, "axis": "y", "origin": [1.5, 8.25, 8]},
			"faces": {
				"north": {"uv": [3, 0, 6, 1], "texture": "#2", "cullface": "north"},
				"east": {"uv": [0, 0, 16, 1], "texture": "#1"},
				"south": {"uv": [9, 0, 12, 1], "texture": "#2", "cullface": "south"},
				"west": {"uv": [0, 0, 16, 1], "texture": "#bottom", "cullface": "west"},
				"down": {"uv": [14, 0, 15, 16], "texture": "#2"}
			}
		},
		{
			"name": "Knob",
			"from": [-0.3, 15, 11],
			"to": [0, 16, 12],
			"faces": {
				"north": {"uv": [11, 0, 12, 1], "texture": "#bottom", "cullface": "west"},
				"south": {"uv": [11, 0, 12, 1], "texture": "#bottom", "cullface": "west"},
				"west": {"uv": [11, 0, 12, 1], "texture": "#bottom", "cullface": "west"},
				"up": {"uv": [11, 0, 12, 1], "texture": "#bottom", "cullface": "west"},
				"down": {"uv": [11, 0, 12, 1], "texture": "#bottom", "cullface": "west"}
			}
		},
		{
			"name": "Knob",
			"from": [3, 15, 11],
			"to": [3.3, 16, 12],
			"rotation": {"angle": 0, "axis": "y", "origin": [2.85, 15.5, 11.5]},
			"faces": {
				"north": {"uv": [11, 0, 12, 1], "texture": "#bottom"},
				"east": {"uv": [11, 0, 12, 1], "texture": "#bottom"},
				"south": {"uv": [11, 0, 12, 1], "texture": "#bottom"},
				"up": {"uv": [11, 0, 12, 1], "rotation": 180, "texture": "#bottom"},
				"down": {"uv": [11, 0, 12, 1], "rotation": 180, "texture": "#bottom"}
			}
		},
		{
			"name": "Inner",
			"from": [1, 3, 3],
			"to": [2, 14, 6],
			"rotation": {"angle": 0, "axis": "y", "origin": [1.5, 8.25, 8]},
			"faces": {
				"east": {"uv": [3, 2, 6, 13], "texture": "#1"},
				"west": {"uv": [3, 2, 6, 13], "texture": "#bottom", "cullface": "west"}
			}
		},
		{
			"name": "Inner",
			"from": [1, 3, 10],
			"to": [2, 14, 13],
			"rotation": {"angle": 0, "axis": "y", "origin": [1.5, 8.25, 8]},
			"faces": {
				"east": {"uv": [3, 2, 6, 13], "texture": "#1"},
				"west": {"uv": [10, 2, 13, 13], "texture": "#bottom", "cullface": "west"}
			}
		},
		{
			"name": "Inner",
			"from": [0.5, 2, 6],
			"to": [2.5, 15, 7],
			"rotation": {"angle": 0, "axis": "y", "origin": [1.5, 8.25, 8]},
			"faces": {
				"north": {"uv": [13, 1, 15, 14], "texture": "#2"},
				"east": {"uv": [9, 1, 10, 14], "texture": "#1"},
				"west": {"uv": [6, 1, 7, 14], "texture": "#bottom", "cullface": "west"}
			}
		},
		{
			"name": "Inner",
			"from": [0.5, 2, 2],
			"to": [2.5, 15, 3],
			"rotation": {"angle": 0, "axis": "y", "origin": [1.5, 8.25, 8]},
			"faces": {
				"east": {"uv": [13, 1, 14, 14], "texture": "#1"},
				"south": {"uv": [13, 1, 15, 14], "texture": "#2"},
				"west": {"uv": [2, 1, 3, 14], "texture": "#bottom", "cullface": "west"}
			}
		},
		{
			"name": "Inner",
			"from": [0.5, 2, 13],
			"to": [2.5, 15, 14],
			"rotation": {"angle": 0, "axis": "y", "origin": [1.5, 8.25, 8]},
			"faces": {
				"north": {"uv": [13, 1, 15, 14], "texture": "#2"},
				"east": {"uv": [2, 1, 3, 14], "texture": "#1"},
				"west": {"uv": [13, 1, 14, 14], "texture": "#bottom", "cullface": "west"}
			}
		},
		{
			"name": "Inner",
			"from": [0.5, 2, 10],
			"to": [2.5, 3, 13],
			"rotation": {"angle": 0, "axis": "y", "origin": [1.5, 8.25, 8]},
			"faces": {
				"east": {"uv": [3, 13, 6, 14], "texture": "#1"},
				"west": {"uv": [10, 13, 13, 14], "texture": "#bottom", "cullface": "west"},
				"up": {"uv": [14, 6, 15, 9], "texture": "#2"}
			}
		},
		{
			"name": "Inner",
			"from": [0.5, 2, 3],
			"to": [2.5, 3, 6],
			"rotation": {"angle": 0, "axis": "y", "origin": [1.5, 8.25, 8]},
			"faces": {
				"east": {"uv": [10, 13, 13, 14], "texture": "#1"},
				"west": {"uv": [3, 13, 6, 14], "texture": "#bottom", "cullface": "west"},
				"up": {"uv": [14, 9, 15, 6], "texture": "#2"}
			}
		},
		{
			"name": "Inner",
			"from": [0.5, 14, 3],
			"to": [2.5, 15, 6],
			"rotation": {"angle": 0, "axis": "y", "origin": [1.5, 8.25, 8]},
			"faces": {
				"east": {"uv": [10, 1, 13, 2], "texture": "#1"},
				"west": {"uv": [3, 1, 6, 2], "texture": "#bottom", "cullface": "west"},
				"down": {"uv": [7, 11, 8, 14], "texture": "#2"}
			}
		},
		{
			"name": "Inner",
			"from": [0.5, 14, 10],
			"to": [2.5, 15, 13],
			"rotation": {"angle": 0, "axis": "y", "origin": [1.5, 8.25, 8]},
			"faces": {
				"east": {"uv": [3, 1, 6, 2], "texture": "#1"},
				"west": {"uv": [10, 1, 13, 2], "texture": "#bottom", "cullface": "west"},
				"down": {"uv": [13, 2, 14, 5], "texture": "#2"}
			}
		},
		{
			"name": "Inner",
			"from": [0.5, 2, 9],
			"to": [2.5, 15, 10],
			"rotation": {"angle": 0, "axis": "y", "origin": [1.5, 8.25, 8]},
			"faces": {
				"east": {"uv": [6, 1, 7, 14], "texture": "#1"},
				"south": {"uv": [13, 1, 15, 14], "texture": "#2"},
				"west": {"uv": [9, 1, 10, 14], "texture": "#bottom", "cullface": "west"}
			}
		}
	],
	"groups": [
		{
			"name": "Dark Oak Door",
			"origin": [0, 0, 0],
			"color": 0,
			"children": [
				0,
				1,
				2,
				3,
				4,
				5,
				6,
				{
					"name": "Inner Inner",
					"origin": [1.5, 8.25, 8],
					"color": 0,
					"children": [
						7,
						8,
						{
							"name": "Inner",
							"origin": [0, 0, 0],
							"color": 0,
							"children": [9, 10, 11, 12, 13, 14, 15, 16]
						}
					]
				}
			]
		}
	]
}