{
	"credit": "Butter did something here",
	"parent": "minecraft:block/cross",
	"ambientocclusion": false,
	"textures": {
		"1": "block/brown_mushroom_3d",
		"2": "block/mushroom_block_inside",
		"particle": "block/brown_mushroom"
	},
	"elements": [
		{
			"name": "Mushroom Cap",
			"from": [5, 4, 3],
			"to": [13, 6, 11],
			"rotation": {"angle": 0, "axis": "y", "origin": [12, 6, 9]},
			"faces": {
				"north": {"uv": [16, 9, 8, 11], "texture": "#1"},
				"east": {"uv": [8, 9, 0, 11], "texture": "#1"},
				"south": {"uv": [16, 9, 8, 11], "texture": "#1"},
				"west": {"uv": [0, 9, 8, 11], "texture": "#1"},
				"up": {"uv": [4, 0, 12, 8], "rotation": 180, "texture": "#1"},
				"down": {"uv": [3, 4, 11, 12], "rotation": 180, "texture": "#2"}
			}
		},
		{
			"name": "Mushroom Stem",
			"from": [8, 0, 6],
			"to": [10, 4, 8],
			"faces": {
				"north": {"uv": [7, 12, 9, 16], "texture": "#1"},
				"east": {"uv": [7, 12, 9, 16], "texture": "#1"},
				"south": {"uv": [7, 12, 9, 16], "texture": "#1"},
				"west": {"uv": [7, 12, 9, 16], "texture": "#1"}
			}
		},
		{
			"name": "Mushroom Cap",
			"from": [3, 1, 9],
			"to": [6, 2, 12],
			"rotation": {"angle": 0, "axis": "y", "origin": [12, 6, 9]},
			"faces": {
				"north": {"uv": [11, 10, 8, 11], "texture": "#1"},
				"east": {"uv": [8, 10, 5, 11], "texture": "#1"},
				"south": {"uv": [16, 10, 13, 11], "texture": "#1"},
				"west": {"uv": [0, 10, 3, 11], "texture": "#1"},
				"up": {"uv": [4, 5, 7, 8], "rotation": 180, "texture": "#1"},
				"down": {"uv": [8, 4, 11, 7], "rotation": 180, "texture": "#2"}
			}
		},
		{
			"name": "Mushroom Stem",
			"from": [4, 0, 10],
			"to": [5, 1, 11],
			"faces": {
				"north": {"uv": [7, 15, 8, 16], "texture": "#1"},
				"east": {"uv": [7, 15, 8, 16], "texture": "#1"},
				"south": {"uv": [7, 15, 8, 16], "texture": "#1"},
				"west": {"uv": [7, 15, 8, 16], "texture": "#1"}
			}
		}
	],
	"groups": [
		{
			"name": "Mushroom",
			"origin": [8, 8, 8],
			"color": 0,
			"children": [0, 1]
		},
		{
			"name": "Mushroom",
			"origin": [8, 8, 8],
			"color": 0,
			"children": [2, 3]
		}
	]
}