{
	"credit": "Butter did something here",
	"parent": "minecraft:block/cross",
	"ambientocclusion": false,
	"textures": {
		"1": "block/brown_mushroom_3d",
		"2": "block/mushroom_block_inside",
		"particle": "block/brown_mushroom"
	},
	"elements": [
		{
			"name": "Mushroom Cap",
			"from": [7.25, 4, 3.75],
			"to": [13.25, 6, 9.75],
			"rotation": {"angle": 0, "axis": "y", "origin": [7.5, 2.75, 7.25]},
			"faces": {
				"north": {"uv": [6, 9, 0, 11], "texture": "#1"},
				"east": {"uv": [16, 9, 10, 11], "texture": "#1"},
				"south": {"uv": [0, 9, 6, 11], "texture": "#1"},
				"west": {"uv": [16, 9, 10, 11], "texture": "#1"},
				"up": {"uv": [5, 1, 11, 7], "rotation": 90, "texture": "#1"},
				"down": {"uv": [4, 5, 10, 11], "rotation": 270, "texture": "#2"}
			}
		},
		{
			"name": "Mushroom Stem",
			"from": [9.25, 0, 5.75],
			"to": [11.25, 4, 7.75],
			"rotation": {"angle": 0, "axis": "y", "origin": [7.5, 2.75, 7.25]},
			"faces": {
				"north": {"uv": [7, 11, 9, 15], "texture": "#1"},
				"east": {"uv": [7, 11, 9, 15], "texture": "#1"},
				"south": {"uv": [7, 11, 9, 15], "texture": "#1"},
				"west": {"uv": [7, 11, 9, 15], "texture": "#1"}
			}
		},
		{
			"name": "Mushroom Cap",
			"from": [5.25, 1, 8.75],
			"to": [8.25, 2, 11.75],
			"rotation": {"angle": 0, "axis": "y", "origin": [7.5, 2.75, 7.25]},
			"faces": {
				"north": {"uv": [8, 10, 5, 11], "texture": "#1"},
				"east": {"uv": [16, 10, 13, 11], "texture": "#1"},
				"south": {"uv": [0, 10, 3, 11], "texture": "#1"},
				"west": {"uv": [11, 10, 8, 11], "texture": "#1"},
				"up": {"uv": [4, 5, 7, 8], "rotation": 90, "texture": "#1"},
				"down": {"uv": [8, 4, 11, 7], "rotation": 270, "texture": "#2"}
			}
		},
		{
			"name": "Mushroom Stem",
			"from": [6.25, 0, 9.75],
			"to": [7.25, 1, 10.75],
			"rotation": {"angle": 0, "axis": "y", "origin": [7.5, 2.75, 7.25]},
			"faces": {
				"north": {"uv": [7, 15, 8, 16], "texture": "#1"},
				"east": {"uv": [7, 15, 8, 16], "texture": "#1"},
				"south": {"uv": [7, 15, 8, 16], "texture": "#1"},
				"west": {"uv": [7, 15, 8, 16], "texture": "#1"}
			}
		},
		{
			"name": "Mushroom Cap",
			"from": [3.25, 2, 2.75],
			"to": [6.25, 3, 5.75],
			"rotation": {"angle": 0, "axis": "y", "origin": [7.5, 2.75, 7.25]},
			"faces": {
				"north": {"uv": [4, 10, 1, 11], "texture": "#1"},
				"east": {"uv": [13, 10, 10, 11], "texture": "#1"},
				"south": {"uv": [0, 10, 3, 11], "texture": "#1"},
				"west": {"uv": [13, 10, 10, 11], "texture": "#1"},
				"up": {"uv": [4, 5, 7, 8], "rotation": 90, "texture": "#1"},
				"down": {"uv": [4, 10, 7, 13], "rotation": 270, "texture": "#2"}
			}
		},
		{
			"name": "Mushroom Stem",
			"from": [4.25, 0, 3.75],
			"to": [5.25, 2, 4.75],
			"rotation": {"angle": 0, "axis": "y", "origin": [7.5, 2.75, 7.25]},
			"faces": {
				"north": {"uv": [8, 14, 9, 16], "texture": "#1"},
				"east": {"uv": [8, 14, 9, 16], "texture": "#1"},
				"south": {"uv": [8, 14, 9, 16], "texture": "#1"},
				"west": {"uv": [8, 14, 9, 16], "texture": "#1"}
			}
		}
	],
	"groups": [
		{
			"name": "Mushroom",
			"origin": [8, 8, 8],
			"color": 0,
			"children": [0, 1]
		},
		{
			"name": "Mushroom",
			"origin": [8, 8, 8],
			"color": 0,
			"children": [2, 3]
		},
		{
			"name": "Mshrm",
			"origin": [0, 0, 0],
			"color": 0,
			"children": [4, 5]
		}
	]
}