{
	"credit": "Butter did something here",
	"parent": "minecraft:block/cross",
	"ambientocclusion": false,
	"textures": {
		"1": "block/red_mushroom_3d",
		"3": "block/mushroom_block_inside",
		"particle": "block/red_mushroom"
	},
	"elements": [
		{
			"name": "Mushroom Stem",
			"from": [7, 0, 7],
			"to": [9, 3, 9],
			"faces": {
				"north": {"uv": [7, 13, 9, 16], "texture": "#1"},
				"east": {"uv": [7, 13, 9, 16], "texture": "#1"},
				"south": {"uv": [7, 13, 9, 16], "texture": "#1"},
				"west": {"uv": [7, 13, 9, 16], "texture": "#1"}
			}
		},
		{
			"name": "Mushroom Bulb",
			"from": [5, 3, 5],
			"to": [11, 6, 11],
			"faces": {
				"north": {"uv": [8, 12, 14, 9], "texture": "#1"},
				"east": {"uv": [8, 13, 14, 10], "texture": "#1"},
				"south": {"uv": [2, 10, 8, 13], "texture": "#1"},
				"west": {"uv": [2, 12, 8, 9], "texture": "#1"},
				"up": {"uv": [5, 0, 11, 6], "texture": "#1"},
				"down": {"uv": [4, 5, 10, 11], "texture": "#3"}
			}
		}
	],
	"groups": [
		{
			"name": "Mushroom",
			"origin": [8, 8, 8],
			"color": 0,
			"children": [0, 1]
		}
	]
}