{
	"credit": "Butter did something here",
	"parent": "minecraft:block/cross",
	"ambientocclusion": false,
	"textures": {
		"2": "block/mushroom_block_inside",
		"5": "block/red_mushroom_3d",
		"particle": "block/red_mushroom"
	},
	"elements": [
		{
			"name": "Mushroom Stem",
			"from": [5, 0, 5],
			"to": [7, 3, 7],
			"rotation": {"angle": 0, "axis": "y", "origin": [4, 3.75, 5]},
			"faces": {
				"north": {"uv": [7, 13, 9, 16], "texture": "#5"},
				"east": {"uv": [7, 13, 9, 16], "texture": "#5"},
				"south": {"uv": [7, 13, 9, 16], "texture": "#5"},
				"west": {"uv": [7, 13, 9, 16], "texture": "#5"}
			}
		},
		{
			"name": "Mushroom Bulb",
			"from": [3, 3, 3],
			"to": [9, 6, 9],
			"rotation": {"angle": 0, "axis": "y", "origin": [4, 3.75, 5]},
			"faces": {
				"north": {"uv": [8, 12, 14, 9], "texture": "#5"},
				"east": {"uv": [8, 13, 14, 10], "texture": "#5"},
				"south": {"uv": [2, 10, 8, 13], "texture": "#5"},
				"west": {"uv": [2, 12, 8, 9], "texture": "#5"},
				"up": {"uv": [5, 0, 11, 6], "texture": "#5"},
				"down": {"uv": [4, 5, 10, 11], "rotation": 180, "texture": "#2"}
			}
		}
	],
	"groups": [
		{
			"name": "Mushroom",
			"origin": [8, 8, 8],
			"color": 0,
			"children": [0, 1]
		}
	]
}