{
	"credit": "Butter did something here",
	"parent": "minecraft:block/cross",
	"ambientocclusion": false,
	"textures": {
		"1": "block/red_mushroom_3d",
		"3": "block/mushroom_block_inside",
		"particle": "block/red_mushroom"
	},
	"elements": [
		{
			"name": "Mushroom Stem",
			"from": [8, 0, 9],
			"to": [10, 2, 11],
			"rotation": {"angle": 0, "axis": "y", "origin": [9, 3, 10]},
			"faces": {
				"north": {"uv": [7, 13, 9, 15], "texture": "#1"},
				"east": {"uv": [7, 13, 9, 15], "texture": "#1"},
				"south": {"uv": [7, 13, 9, 15], "texture": "#1"},
				"west": {"uv": [7, 13, 9, 15], "texture": "#1"}
			}
		},
		{
			"name": "Mushroom Bulb",
			"from": [6, 2, 7],
			"to": [12, 5, 13],
			"rotation": {"angle": 0, "axis": "y", "origin": [9, 3, 10]},
			"faces": {
				"north": {"uv": [2, 12, 8, 9], "texture": "#1"},
				"east": {"uv": [8, 12, 14, 9], "texture": "#1"},
				"south": {"uv": [8, 13, 14, 10], "texture": "#1"},
				"west": {"uv": [2, 10, 8, 13], "texture": "#1"},
				"up": {"uv": [5, 0, 11, 6], "rotation": 90, "texture": "#1"},
				"down": {"uv": [4, 5, 10, 11], "rotation": 270, "texture": "#3"}
			}
		}
	],
	"groups": [
		{
			"name": "Mushroom",
			"origin": [8, 8, 8],
			"color": 0,
			"children": [0, 1]
		}
	]
}