{
	"credit": "Butter did something here",
	"parent": "minecraft:block/cross",
	"ambientocclusion": false,
	"textures": {
		"1": "block/red_mushroom_3d",
		"2": "block/mushroom_block_inside",
		"particle": "block/red_mushroom"
	},
	"elements": [
		{
			"name": "Mushroom Stem",
			"from": [10, 0, 4],
			"to": [11, 1, 5],
			"faces": {
				"north": {"uv": [8, 15, 9, 16], "texture": "#1"},
				"east": {"uv": [8, 15, 9, 16], "texture": "#1"},
				"south": {"uv": [8, 15, 9, 16], "texture": "#1"},
				"west": {"uv": [8, 15, 9, 16], "texture": "#1"},
				"up": {"uv": [0, 0, 0, 0], "texture": "#1"}
			}
		},
		{
			"name": "Mushroom Bulb",
			"from": [9, 1, 3],
			"to": [12, 2, 6],
			"rotation": {"angle": 0, "axis": "y", "origin": [8, 5.5, 8]},
			"faces": {
				"north": {"uv": [2, 12, 5, 13], "texture": "#1"},
				"east": {"uv": [4, 12, 7, 11], "texture": "#1"},
				"south": {"uv": [11, 13, 14, 12], "texture": "#1"},
				"west": {"uv": [10, 12, 13, 11], "texture": "#1"},
				"up": {"uv": [8, 1, 11, 4], "rotation": 180, "texture": "#1"},
				"down": {"uv": [6, 6, 9, 9], "rotation": 180, "texture": "#2"}
			}
		},
		{
			"name": "Mushroom Stem",
			"from": [7, 0, 7],
			"to": [9, 3, 9],
			"faces": {
				"north": {"uv": [7, 13, 9, 16], "texture": "#1"},
				"east": {"uv": [7, 13, 9, 16], "texture": "#1"},
				"south": {"uv": [7, 13, 9, 16], "texture": "#1"},
				"west": {"uv": [7, 13, 9, 16], "texture": "#1"}
			}
		},
		{
			"name": "Mushroom Bulb",
			"from": [5, 3, 5],
			"to": [11, 6, 11],
			"rotation": {"angle": 0, "axis": "y", "origin": [8, 4.5, 8]},
			"faces": {
				"north": {"uv": [2, 12, 8, 9], "texture": "#1"},
				"east": {"uv": [8, 12, 14, 9], "texture": "#1"},
				"south": {"uv": [8, 13, 14, 10], "texture": "#1"},
				"west": {"uv": [2, 10, 8, 13], "texture": "#1"},
				"up": {"uv": [5, 0, 11, 6], "rotation": 90, "texture": "#1"},
				"down": {"uv": [4, 5, 10, 11], "texture": "#2"}
			}
		}
	],
	"groups": [
		{
			"name": "Smol Mushroom",
			"origin": [8, 8, 8],
			"color": 0,
			"children": [0, 1]
		},
		{
			"name": "Mushroom",
			"origin": [8, 8, 8],
			"color": 0,
			"children": [2, 3]
		}
	]
}