{
	"credit": "Butter did something here",
	"parent": "minecraft:block/cross",
	"ambientocclusion": false,
	"textures": {
		"1": "block/red_mushroom_3d",
		"2": "block/mushroom_block_inside",

		"particle": "block/red_mushroom"
	},
	"elements": [
		{
			"name": "Mushroom Stem",
			"from": [7, 0, 7],
			"to": [8, 1, 8],
			"faces": {
				"north": {"uv": [8, 15, 9, 16], "texture": "#1"},
				"east": {"uv": [8, 15, 9, 16], "texture": "#1"},
				"south": {"uv": [8, 15, 9, 16], "texture": "#1"},
				"west": {"uv": [8, 15, 9, 16], "texture": "#1"}
			}
		},
		{
			"name": "Mushroom Bulb",
			"from": [6, 1, 6],
			"to": [9, 2, 9],
			"rotation": {"angle": 0, "axis": "y", "origin": [8, 5.5, 8]},
			"faces": {
				"north": {"uv": [2, 12, 5, 13], "texture": "#1"},
				"east": {"uv": [4, 12, 7, 11], "texture": "#1"},
				"south": {"uv": [11, 13, 14, 12], "texture": "#1"},
				"west": {"uv": [10, 12, 13, 11], "texture": "#1"},
				"up": {"uv": [8, 1, 11, 4], "rotation": 180, "texture": "#1"},
				"down": {"uv": [6, 6, 9, 9], "rotation": 180, "texture": "#2"}
			}
		}
	],
	"groups": [
		{
			"name": "Mushroom",
			"origin": [8, 8, 8],
			"color": 0,
			"children": [0, 1]
		}
	]
}