{
	"credit": "Butter did something here",
	"ambientocclusion": false,
	"textures": {
		"1": "block/crimson_door_top_left",
		"2": "block/crimson_door_sides",
		"3": "block/crimson_door_top_right",
		"particle": "block/crimson_door_top_left"
	},
	"elements": [
		{
			"name": "Lonk",
			"from": [0, 5, 0.05],
			"to": [3, 12, 15.95],
			"faces": {
				"north": {"uv": [0, 4, 3, 11], "texture": "#2"},
				"east": {"uv": [0, 4, 16, 11], "texture": "#3"},
				"south": {"uv": [3, 4, 6, 11], "texture": "#2"},
				"west": {"uv": [0, 4, 16, 11], "texture": "#1", "cullface": "west"},
				"up": {"uv": [16, 4, 0, 5], "rotation": 90, "texture": "#1"},
				"down": {"uv": [0, 10, 16, 11], "rotation": 90, "texture": "#1"}
			}
		},
		{
			"name": "Plank 1",
			"from": [0.3, 0, 0],
			"to": [2.7, 16, 4],
			"faces": {
				"north": {"uv": [0, 0, 3, 16], "texture": "#2", "cullface": "north"},
				"east": {"uv": [12, 0, 16, 16], "texture": "#3"},
				"south": {"uv": [2, 0, 4, 16], "texture": "#1"},
				"west": {"uv": [0, 0, 4, 16], "texture": "#1"},
				"up": {"uv": [3, 12, 6, 16], "texture": "#2", "cullface": "up"}
			}
		},
		{
			"name": "Plank 2",
			"from": [1, 0, 4],
			"to": [2, 16, 5],
			"rotation": {"angle": 0, "axis": "y", "origin": [0, 0, 4]},
			"faces": {
				"east": {"uv": [11, 0, 12, 16], "texture": "#3"},
				"west": {"uv": [4, 0, 5, 16], "texture": "#1"},
				"up": {"uv": [4, 11, 5, 12], "texture": "#2", "cullface": "up"}
			}
		},
		{
			"name": "Plank 3",
			"from": [1, 0, 11],
			"to": [2, 16, 12],
			"rotation": {"angle": 0, "axis": "y", "origin": [0, 0, 11]},
			"faces": {
				"east": {"uv": [11, 0, 12, 16], "texture": "#3"},
				"west": {"uv": [4, 0, 5, 16], "texture": "#1"},
				"up": {"uv": [4, 11, 5, 12], "texture": "#2", "cullface": "up"}
			}
		},
		{
			"name": "Plank 2",
			"from": [0.3, 0, 5],
			"to": [2.7, 16, 11],
			"faces": {
				"north": {"uv": [5, 0, 7, 16], "texture": "#1"},
				"east": {"uv": [5, 0, 11, 16], "texture": "#3"},
				"south": {"uv": [9, 0, 11, 16], "texture": "#3"},
				"west": {"uv": [5, 0, 11, 16], "texture": "#1"},
				"up": {"uv": [3, 5, 6, 11], "texture": "#2", "cullface": "up"}
			}
		},
		{
			"name": "Plank 3",
			"from": [0.3, 0, 12],
			"to": [2.7, 16, 16],
			"faces": {
				"north": {"uv": [12, 0, 14, 16], "texture": "#1"},
				"east": {"uv": [0, 0, 4, 16], "texture": "#3"},
				"south": {"uv": [3, 0, 6, 16], "texture": "#2", "cullface": "south"},
				"west": {"uv": [12, 0, 16, 16], "texture": "#1"},
				"up": {"uv": [3, 0, 6, 4], "texture": "#2", "cullface": "up"}
			}
		},
		{
			"name": "Door Ring",
			"from": [0, 0, 10],
			"to": [0.3, 2, 11],
			"rotation": {"angle": 0, "axis": "y", "origin": [1.5, 1, 10.5]},
			"faces": {
				"north": {"uv": [10, 14, 11, 16], "texture": "#1"},
				"south": {"uv": [10, 14, 11, 16], "texture": "#1"},
				"west": {"uv": [10, 14, 11, 16], "texture": "#1", "cullface": "west"},
				"up": {"uv": [10, 15, 11, 16], "rotation": 90, "texture": "#1"},
				"down": {"uv": [10, 15, 11, 16], "texture": "#1"}
			}
		},
		{
			"name": "Door Ring",
			"from": [0, 0, 14],
			"to": [0.3, 2, 15],
			"rotation": {"angle": 0, "axis": "y", "origin": [1.5, 1, 14.5]},
			"faces": {
				"north": {"uv": [10, 14, 11, 16], "texture": "#1"},
				"south": {"uv": [10, 14, 11, 16], "texture": "#1"},
				"west": {"uv": [10, 14, 11, 16], "texture": "#1", "cullface": "west"},
				"up": {"uv": [10, 15, 11, 16], "rotation": 90, "texture": "#1"},
				"down": {"uv": [10, 15, 11, 16], "texture": "#1"}
			}
		},
		{
			"name": "Door Ring",
			"from": [2.7, 0, 10],
			"to": [3, 2, 11],
			"rotation": {"angle": 0, "axis": "y", "origin": [2.85, 1, 12.5]},
			"faces": {
				"north": {"uv": [10, 14, 11, 16], "texture": "#1"},
				"east": {"uv": [10, 14, 11, 16], "texture": "#1"},
				"south": {"uv": [10, 14, 11, 16], "texture": "#1"},
				"up": {"uv": [10, 15, 11, 16], "rotation": 270, "texture": "#1"},
				"down": {"uv": [10, 15, 11, 16], "rotation": 180, "texture": "#1"}
			}
		},
		{
			"name": "Door Ring",
			"from": [2.7, 0, 14],
			"to": [3, 2, 15],
			"rotation": {"angle": 0, "axis": "y", "origin": [2.85, 1, 12.5]},
			"faces": {
				"north": {"uv": [10, 14, 11, 16], "texture": "#1"},
				"east": {"uv": [10, 14, 11, 16], "texture": "#1"},
				"south": {"uv": [10, 14, 11, 16], "texture": "#1"},
				"up": {"uv": [10, 15, 11, 16], "rotation": 270, "texture": "#1"},
				"down": {"uv": [10, 15, 11, 16], "rotation": 180, "texture": "#1"}
			}
		}
	],
	"groups": [
		{
			"name": "crimson_door_top",
			"origin": [0, 0, 0],
			"color": 0,
			"children": [0, 1, 2, 3, 4, 5, 6, 7, 8, 9]
		}
	]
}