{
	"credit": "Stardust did something here",
	"textures": {
		"0": "block/sugar_cane_3d",
		"particle": "block/sugar_cane_3d"
	},
	"elements": [
		{
			"name": "Stalk 1",
			"from": [4, 0, 2],
			"to": [6, 16, 4],
			"faces": {
				"north": {"uv": [6, 0, 8, 16], "texture": "#0"},
				"east": {"uv": [6, 0, 8, 16], "texture": "#0"},
				"south": {"uv": [6, 0, 8, 16], "texture": "#0"},
				"west": {"uv": [6, 0, 8, 16], "texture": "#0"},
				"up": {"uv": [16, 16, 14, 14], "rotation": 270, "texture": "#0"}
			}
		},
		{
			"name": "Stalk 2",
			"from": [12, 0, 4],
			"to": [14, 16, 6],
			"faces": {
				"north": {"uv": [0, 0, 2, 16], "texture": "#0"},
				"east": {"uv": [0, 0, 2, 16], "texture": "#0"},
				"south": {"uv": [0, 0, 2, 16], "texture": "#0"},
				"west": {"uv": [0, 0, 2, 16], "texture": "#0"},
				"up": {"uv": [16, 16, 14, 14], "rotation": 90, "texture": "#0"}
			}
		},
		{
			"name": "Stalk 3",
			"from": [3, 0, 11],
			"to": [5, 16, 13],
			"faces": {
				"north": {"uv": [2, 0, 4, 16], "texture": "#0"},
				"east": {"uv": [2, 0, 4, 16], "texture": "#0"},
				"south": {"uv": [2, 0, 4, 16], "texture": "#0"},
				"west": {"uv": [2, 0, 4, 16], "texture": "#0"},
				"up": {"uv": [14, 16, 16, 14], "rotation": 180, "texture": "#0"}
			}
		},
		{
			"name": "Stalk 4",
			"from": [11, 0, 12],
			"to": [13, 16, 14],
			"faces": {
				"north": {"uv": [4, 0, 6, 16], "texture": "#0"},
				"east": {"uv": [4, 0, 6, 16], "texture": "#0"},
				"south": {"uv": [4, 0, 6, 16], "texture": "#0"},
				"west": {"uv": [4, 0, 6, 16], "texture": "#0"},
				"up": {"uv": [14, 16, 16, 14], "rotation": 90, "texture": "#0"}
			}
		},
		{
			"from": [5, 7, 0],
			"to": [5, 12, 6],
			"rotation": {"angle": 0, "axis": "y", "origin": [5, -1, 3]},
			"faces": {
				"east": {"uv": [15, 9, 9, 14], "texture": "#0"},
				"west": {"uv": [9, 9, 15, 14], "texture": "#0"}
			}
		},
		{
			"from": [5, 1, 0],
			"to": [5, 5, 6],
			"rotation": {"angle": 45, "axis": "y", "origin": [5, 0, 3]},
			"faces": {
				"east": {"uv": [15, 0, 9, 4], "texture": "#0"},
				"west": {"uv": [9, 0, 15, 4], "texture": "#0"}
			}
		},
		{
			"from": [12, 10, 10],
			"to": [12, 14, 16],
			"rotation": {"angle": 0, "axis": "y", "origin": [12, 11.5, 13]},
			"faces": {
				"east": {"uv": [15, 0, 9, 4], "texture": "#0"},
				"west": {"uv": [9, 0, 15, 4], "texture": "#0"}
			}
		},
		{
			"from": [4, 2, 9],
			"to": [4, 7, 15],
			"rotation": {"angle": -45, "axis": "y", "origin": [4, 4.5, 12]},
			"faces": {
				"east": {"uv": [9, 4, 15, 9], "texture": "#0"},
				"west": {"uv": [15, 4, 9, 9], "texture": "#0"}
			}
		},
		{
			"from": [10, 1, 5],
			"to": [16, 5, 5],
			"rotation": {"angle": 0, "axis": "y", "origin": [13, 3.5, 5]},
			"faces": {
				"north": {"uv": [9, 0, 15, 4], "texture": "#0"},
				"south": {"uv": [15, 0, 9, 4], "texture": "#0"}
			}
		},
		{
			"from": [10, 13, 5],
			"to": [16, 17, 5],
			"rotation": {"angle": -45, "axis": "y", "origin": [13, 15.5, 5]},
			"faces": {
				"north": {"uv": [15, 0, 9, 4], "texture": "#0"},
				"south": {"uv": [9, 0, 15, 4], "texture": "#0"}
			}
		}
	]
}