{
	"credit": "Stardust did something here",
	"textures": {
		"0": "block/sugar_cane_3d",
		"particle": "block/sugar_cane_3d"
	},
	"elements": [
		{
			"name": "Stalk 1",
			"from": [4, 0, 2],
			"to": [6, 16, 4],
			"faces": {
				"north": {"uv": [2, 0, 4, 16], "texture": "#0"},
				"east": {"uv": [2, 0, 4, 16], "texture": "#0"},
				"south": {"uv": [2, 0, 4, 16], "texture": "#0"},
				"west": {"uv": [2, 0, 4, 16], "texture": "#0"},
				"up": {"uv": [14, 14, 16, 16], "rotation": 270, "texture": "#0"}
			}
		},
		{
			"name": "Stalk 2",
			"from": [12, 0, 4],
			"to": [14, 16, 6],
			"faces": {
				"north": {"uv": [4, 0, 6, 16], "texture": "#0"},
				"east": {"uv": [4, 0, 6, 16], "texture": "#0"},
				"south": {"uv": [4, 0, 6, 16], "texture": "#0"},
				"west": {"uv": [4, 0, 6, 16], "texture": "#0"},
				"up": {"uv": [14, 14, 16, 16], "rotation": 90, "texture": "#0"}
			}
		},
		{
			"name": "Stalk 3",
			"from": [3, 0, 11],
			"to": [5, 16, 13],
			"faces": {
				"north": {"uv": [6, 0, 8, 16], "texture": "#0"},
				"east": {"uv": [6, 0, 8, 16], "texture": "#0"},
				"south": {"uv": [6, 0, 8, 16], "texture": "#0"},
				"west": {"uv": [6, 0, 8, 16], "texture": "#0"},
				"up": {"uv": [14, 14, 16, 16], "rotation": 180, "texture": "#0"}
			}
		},
		{
			"name": "Stalk 4",
			"from": [11, 0, 12],
			"to": [13, 16, 14],
			"faces": {
				"north": {"uv": [0, 0, 2, 16], "texture": "#0"},
				"east": {"uv": [0, 0, 2, 16], "texture": "#0"},
				"south": {"uv": [0, 0, 2, 16], "texture": "#0"},
				"west": {"uv": [0, 0, 2, 16], "texture": "#0"},
				"up": {"uv": [14, 14, 16, 16], "rotation": 90, "texture": "#0"}
			}
		},
		{
			"from": [2, 1, 3],
			"to": [8, 6, 3],
			"rotation": {"angle": 45, "axis": "y", "origin": [5, 1, 3]},
			"faces": {
				"north": {"uv": [15, 9, 9, 14], "texture": "#0"},
				"south": {"uv": [9, 9, 15, 14], "texture": "#0"}
			}
		},
		{
			"from": [1, 5, 12],
			"to": [7, 10, 12],
			"rotation": {"angle": 0, "axis": "y", "origin": [4, 2.5, 12]},
			"faces": {
				"north": {"uv": [15, 4, 9, 9], "texture": "#0"},
				"south": {"uv": [9, 4, 15, 9], "texture": "#0"}
			}
		},
		{
			"from": [12, 6, 10],
			"to": [12, 11, 16],
			"rotation": {"angle": 0, "axis": "y", "origin": [12, 7.5, 13]},
			"faces": {
				"east": {"uv": [9, 9, 15, 14], "texture": "#0"},
				"west": {"uv": [15, 9, 9, 14], "texture": "#0"}
			}
		},
		{
			"from": [2, 11, 3],
			"to": [8, 16, 3],
			"rotation": {"angle": 0, "axis": "y", "origin": [5, 13.5, 3]},
			"faces": {
				"north": {"uv": [15, 4, 9, 9], "texture": "#0"},
				"south": {"uv": [9, 4, 15, 9], "texture": "#0"}
			}
		},
		{
			"from": [10, 13, 5],
			"to": [16, 17, 5],
			"rotation": {"angle": -45, "axis": "y", "origin": [13, 15.5, 5]},
			"faces": {
				"north": {"uv": [15, 0, 9, 4], "texture": "#0"},
				"south": {"uv": [9, 0, 15, 4], "texture": "#0"}
			}
		}
	]
}