{
	"credit": "The Stardust System did something here",
	"ambientocclusion": false,
	"textures": {
		"1": "block/bamboo_door_bottom_left",
		"2": "block/bamboo_door_bottom_right",
		"3": "block/bamboo_door_sides",
		"particle": "block/bamboo_door_bottom_left"
	},
	"elements": [
		{
			"name": "Left",
			"from": [0, 0, 13],
			"to": [3, 16, 16],
			"rotation": {"angle": 0, "axis": "y", "origin": [1.5, 8.75, 8]},
			"faces": {
				"north": {"uv": [3, 0, 6, 16], "texture": "#3"},
				"east": {"uv": [0, 0, 3, 16], "texture": "#1"},
				"south": {"uv": [9, 0, 12, 16], "texture": "#3", "cullface": "south"},
				"west": {"uv": [13, 0, 16, 16], "texture": "#2", "cullface": "west"},
				"down": {"uv": [6, 13, 9, 16], "rotation": 180, "texture": "#3", "cullface": "down"}
			}
		},
		{
			"name": "Right",
			"from": [0, 0, 0],
			"to": [3, 16, 3],
			"rotation": {"angle": 0, "axis": "y", "origin": [1.5, 8.75, 8]},
			"faces": {
				"north": {"uv": [3, 0, 6, 16], "texture": "#3", "cullface": "north"},
				"east": {"uv": [13, 0, 16, 16], "texture": "#1"},
				"south": {"uv": [6, 0, 9, 16], "texture": "#3"},
				"west": {"uv": [0, 0, 3, 16], "texture": "#2", "cullface": "west"},
				"down": {"uv": [6, 0, 9, 3], "rotation": 180, "texture": "#3", "cullface": "down"}
			}
		},
		{
			"name": "Bot",
			"from": [0.5, 0, 3],
			"to": [2.5, 4, 13],
			"rotation": {"angle": 0, "axis": "y", "origin": [1.5, 8.75, 8]},
			"faces": {
				"east": {"uv": [3, 12, 13, 16], "texture": "#1"},
				"west": {"uv": [3, 12, 13, 16], "texture": "#2"},
				"up": {"uv": [3, 3, 6, 13], "rotation": 180, "texture": "#3"},
				"down": {"uv": [1, 3, 3, 13], "rotation": 180, "texture": "#2", "cullface": "down"}
			}
		},
		{
			"name": "Top",
			"from": [0, 13, 3],
			"to": [3, 16, 13],
			"rotation": {"angle": 0, "axis": "y", "origin": [1.5, 8.75, 8]},
			"faces": {
				"east": {"uv": [3, 0, 13, 3], "texture": "#1"},
				"west": {"uv": [3, 0, 13, 3], "texture": "#2", "cullface": "west"},
				"up": {"uv": [6, 3, 9, 13], "texture": "#3"},
				"down": {"uv": [3, 3, 6, 13], "rotation": 180, "texture": "#3"}
			}
		},
		{
			"name": "Inner",
			"from": [1, 4, 3],
			"to": [2, 13, 13],
			"rotation": {"angle": 0, "axis": "y", "origin": [1.5, 8.75, 8]},
			"faces": {
				"east": {"uv": [3, 3, 13, 12], "texture": "#1"},
				"west": {"uv": [3, 3, 13, 12], "texture": "#1"}
			}
		},
		{
			"name": "Handl",
			"from": [3, 15, 3],
			"to": [3.3, 16, 5],
			"rotation": {"angle": 0, "axis": "y", "origin": [1.5, 8.75, 8]},
			"faces": {
				"north": {"uv": [14, 0, 15, 1], "rotation": 90, "texture": "#3"},
				"east": {"uv": [14, 0, 15, 1], "rotation": 90, "texture": "#3"},
				"south": {"uv": [14, 0, 15, 1], "rotation": 90, "texture": "#3"},
				"up": {"uv": [14, 0, 15, 1], "rotation": 270, "texture": "#3"},
				"down": {"uv": [14, 0, 15, 1], "rotation": 270, "texture": "#3"}
			}
		},
		{
			"name": "Handl",
			"from": [3, 13, 5],
			"to": [3.3, 15, 6],
			"rotation": {"angle": 0, "axis": "y", "origin": [1.5, 8.75, 8]},
			"faces": {
				"north": {"uv": [14, 0, 15, 1], "rotation": 90, "texture": "#3"},
				"east": {"uv": [14, 0, 15, 1], "rotation": 90, "texture": "#3"},
				"south": {"uv": [14, 0, 15, 1], "rotation": 90, "texture": "#3"},
				"up": {"uv": [14, 0, 15, 1], "rotation": 270, "texture": "#3"},
				"down": {"uv": [14, 0, 15, 1], "rotation": 270, "texture": "#3"}
			}
		},
		{
			"name": "Handl",
			"from": [3, 13, 2],
			"to": [3.3, 15, 3],
			"rotation": {"angle": 0, "axis": "y", "origin": [1.5, 8.75, 8]},
			"faces": {
				"north": {"uv": [15, 0, 16, 1], "rotation": 90, "texture": "#3"},
				"east": {"uv": [15, 0, 16, 1], "rotation": 90, "texture": "#3"},
				"south": {"uv": [15, 0, 16, 1], "rotation": 90, "texture": "#3"},
				"up": {"uv": [15, 0, 16, 1], "rotation": 270, "texture": "#3"},
				"down": {"uv": [15, 0, 16, 1], "rotation": 270, "texture": "#3"}
			}
		},
		{
			"name": "Handl",
			"from": [3, 12, 3],
			"to": [3.3, 13, 5],
			"rotation": {"angle": 0, "axis": "y", "origin": [1.5, 8.75, 8]},
			"faces": {
				"north": {"uv": [15, 0, 16, 1], "rotation": 90, "texture": "#3"},
				"east": {"uv": [15, 0, 16, 1], "rotation": 90, "texture": "#3"},
				"south": {"uv": [15, 0, 16, 1], "rotation": 90, "texture": "#3"},
				"west": {"uv": [15, 0, 16, 1], "rotation": 90, "texture": "#3"},
				"up": {"uv": [15, 0, 16, 1], "rotation": 270, "texture": "#3"},
				"down": {"uv": [15, 0, 16, 1], "rotation": 270, "texture": "#3"}
			}
		},
		{
			"name": "Handl",
			"from": [-0.3, 15, 3],
			"to": [0, 16, 5],
			"rotation": {"angle": 0, "axis": "y", "origin": [1.5, 8.75, 8]},
			"faces": {
				"north": {"uv": [14, 0, 15, 1], "rotation": 90, "texture": "#3", "cullface": "west"},
				"south": {"uv": [14, 0, 15, 1], "rotation": 90, "texture": "#3", "cullface": "west"},
				"west": {"uv": [14, 0, 15, 1], "rotation": 90, "texture": "#3", "cullface": "west"},
				"up": {"uv": [14, 0, 15, 1], "rotation": 90, "texture": "#3", "cullface": "west"},
				"down": {"uv": [14, 0, 15, 1], "rotation": 90, "texture": "#3", "cullface": "west"}
			}
		},
		{
			"name": "Handl",
			"from": [-0.3, 13, 2],
			"to": [0, 15, 3],
			"rotation": {"angle": 0, "axis": "y", "origin": [1.5, 8.75, 8]},
			"faces": {
				"north": {"uv": [14, 0, 15, 1], "rotation": 90, "texture": "#3", "cullface": "west"},
				"south": {"uv": [14, 0, 15, 1], "rotation": 90, "texture": "#3", "cullface": "west"},
				"west": {"uv": [14, 0, 15, 1], "rotation": 90, "texture": "#3", "cullface": "west"},
				"up": {"uv": [14, 0, 15, 1], "rotation": 90, "texture": "#3", "cullface": "west"},
				"down": {"uv": [14, 0, 15, 1], "rotation": 90, "texture": "#3", "cullface": "west"}
			}
		},
		{
			"name": "Handl",
			"from": [-0.3, 13, 5],
			"to": [0, 15, 6],
			"rotation": {"angle": 0, "axis": "y", "origin": [1.5, 8.75, 8]},
			"faces": {
				"north": {"uv": [15, 0, 16, 1], "rotation": 90, "texture": "#3", "cullface": "west"},
				"south": {"uv": [15, 0, 16, 1], "rotation": 90, "texture": "#3", "cullface": "west"},
				"west": {"uv": [15, 0, 16, 1], "rotation": 90, "texture": "#3", "cullface": "west"},
				"up": {"uv": [15, 0, 16, 1], "rotation": 90, "texture": "#3", "cullface": "west"},
				"down": {"uv": [15, 0, 16, 1], "rotation": 90, "texture": "#3", "cullface": "west"}
			}
		},
		{
			"name": "Handl",
			"from": [-0.3, 12, 3],
			"to": [0, 13, 5],
			"rotation": {"angle": 0, "axis": "y", "origin": [1.5, 8.75, 8]},
			"faces": {
				"north": {"uv": [15, 0, 16, 1], "rotation": 90, "texture": "#3", "cullface": "west"},
				"east": {"uv": [15, 0, 16, 1], "rotation": 90, "texture": "#3", "cullface": "west"},
				"south": {"uv": [15, 0, 16, 1], "rotation": 90, "texture": "#3", "cullface": "west"},
				"west": {"uv": [15, 0, 16, 1], "rotation": 90, "texture": "#3", "cullface": "west"},
				"up": {"uv": [15, 0, 16, 1], "rotation": 90, "texture": "#3", "cullface": "west"},
				"down": {"uv": [15, 0, 16, 1], "rotation": 90, "texture": "#3", "cullface": "west"}
			}
		}
	],
	"groups": [
		{
			"name": "Bamboo Door",
			"origin": [0, 0, 0],
			"color": 0,
			"children": [
				0,
				1,
				2,
				3,
				4,
				{
					"name": "Handle",
					"origin": [0, 0, 0],
					"color": 0,
					"children": [5, 6, 7, 8]
				},
				{
					"name": "Handle 2",
					"origin": [0, 0, 0],
					"color": 0,
					"children": [9, 10, 11, 12]
				}
			]
		}
	]
}