{
	"credit": "Stardust did something here",
	"ambientocclusion": false,
	"textures": {
		"2": "block/mangrove_door_sides",
		"3": "block/mangrove_door_bottom_right",
		"particle": "block/mangrove_door_bottom_left",
		"bottom": "block/mangrove_door_bottom_left"
	},
	"elements": [
		{
			"name": "Bottom",
			"from": [0, 0, 0],
			"to": [3, 5, 16],
			"rotation": {"angle": 0, "axis": "y", "origin": [1.475, 9, 8]},
			"faces": {
				"north": {"uv": [13, 11, 16, 16], "texture": "#2", "cullface": "north"},
				"east": {"uv": [0, 11, 16, 16], "texture": "#3"},
				"south": {"uv": [9, 11, 12, 16], "texture": "#2", "cullface": "south"},
				"west": {"uv": [0, 11, 16, 16], "texture": "#bottom", "cullface": "west"},
				"up": {"uv": [9, 0, 12, 16], "texture": "#2"},
				"down": {"uv": [9, 0, 12, 16], "texture": "#2", "cullface": "down"}
			}
		},
		{
			"name": "Left",
			"from": [0, 5, 0],
			"to": [3, 16, 5],
			"rotation": {"angle": 0, "axis": "y", "origin": [1.475, 9, 8]},
			"faces": {
				"north": {"uv": [13, 0, 16, 11], "texture": "#2", "cullface": "north"},
				"east": {"uv": [11, 0, 16, 11], "texture": "#3"},
				"south": {"uv": [9, 0, 12, 11], "texture": "#2"},
				"west": {"uv": [0, 0, 5, 11], "texture": "#bottom", "cullface": "west"}
			}
		},
		{
			"name": "Mid 2",
			"from": [1, 5, 5],
			"to": [2, 16, 11],
			"rotation": {"angle": 0, "axis": "y", "origin": [1.475, 9, 8]},
			"faces": {
				"east": {"uv": [5, 0, 11, 11], "texture": "#3"},
				"west": {"uv": [5, 0, 11, 11], "texture": "#bottom", "cullface": "west"}
			}
		},
		{
			"name": "Right",
			"from": [0, 5, 11],
			"to": [3, 16, 16],
			"rotation": {"angle": 0, "axis": "y", "origin": [1.475, 9, 8]},
			"faces": {
				"north": {"uv": [9, 0, 12, 11], "texture": "#2"},
				"east": {"uv": [0, 0, 5, 11], "texture": "#3"},
				"south": {"uv": [9, 0, 12, 11], "texture": "#2", "cullface": "south"},
				"west": {"uv": [11, 0, 16, 11], "texture": "#bottom", "cullface": "west"}
			}
		},
		{
			"name": "Ball 1",
			"from": [0.5, 8, 6],
			"to": [2.5, 10, 10],
			"rotation": {"angle": 0, "axis": "y", "origin": [1.475, 9, 8]},
			"faces": {
				"north": {"uv": [9, 6, 10, 8], "texture": "#bottom"},
				"east": {"uv": [6, 6, 10, 8], "texture": "#bottom"},
				"south": {"uv": [6, 6, 7, 8], "texture": "#bottom"},
				"west": {"uv": [6, 6, 10, 8], "texture": "#bottom", "cullface": "west"},
				"up": {"uv": [6, 6, 10, 7], "rotation": 90, "texture": "#bottom"},
				"down": {"uv": [6, 7, 10, 8], "rotation": 270, "texture": "#bottom"}
			}
		},
		{
			"name": "Ball 1",
			"from": [0.5, 7, 7],
			"to": [2.5, 11, 9],
			"rotation": {"angle": 0, "axis": "y", "origin": [1.475, 9, 8]},
			"faces": {
				"north": {"uv": [8, 5, 9, 9], "texture": "#bottom"},
				"east": {"uv": [7, 5, 9, 9], "texture": "#bottom"},
				"south": {"uv": [7, 5, 8, 9], "texture": "#bottom"},
				"west": {"uv": [7, 5, 9, 9], "texture": "#bottom", "cullface": "west"},
				"up": {"uv": [7, 5, 9, 6], "texture": "#bottom"},
				"down": {"uv": [7, 8, 9, 9], "texture": "#bottom"}
			}
		},
		{
			"name": "Ball 2",
			"from": [0.5, 15, 6],
			"to": [2.5, 16, 10],
			"rotation": {"angle": 0, "axis": "y", "origin": [1.475, 9, 8]},
			"faces": {
				"north": {"uv": [9, 0, 10, 1], "texture": "#bottom"},
				"east": {"uv": [6, 0, 10, 1], "texture": "#bottom"},
				"south": {"uv": [6, 0, 7, 1], "texture": "#bottom"},
				"west": {"uv": [6, 0, 10, 1], "texture": "#bottom", "cullface": "west"},
				"down": {"uv": [6, 0, 10, 1], "rotation": 270, "texture": "#bottom"}
			}
		},
		{
			"name": "Ball 2",
			"from": [0.5, 14, 7],
			"to": [2.5, 16, 9],
			"rotation": {"angle": 0, "axis": "y", "origin": [1.475, 9, 8]},
			"faces": {
				"north": {"uv": [8, 0, 9, 2], "texture": "#bottom"},
				"east": {"uv": [7, 0, 9, 2], "texture": "#bottom"},
				"south": {"uv": [7, 0, 8, 2], "texture": "#bottom"},
				"west": {"uv": [7, 0, 9, 2], "texture": "#bottom", "cullface": "west"},
				"down": {"uv": [7, 1, 9, 2], "texture": "#bottom"}
			}
		},
		{
			"name": "Handle",
			"from": [-0.2, 13, 12],
			"to": [0, 14, 14],
			"rotation": {"angle": 0, "axis": "y", "origin": [1.475, 9, 8]},
			"faces": {
				"north": {"uv": [7, 15, 8, 16], "rotation": 90, "texture": "#2", "cullface": "west"},
				"south": {"uv": [7, 15, 8, 16], "texture": "#2", "cullface": "west"},
				"west": {"uv": [7, 15, 8, 16], "texture": "#2", "cullface": "west"},
				"up": {"uv": [7, 15, 8, 16], "rotation": 90, "texture": "#2", "cullface": "west"},
				"down": {"uv": [7, 15, 8, 16], "rotation": 90, "texture": "#2", "cullface": "west"}
			}
		},
		{
			"name": "Handle",
			"from": [-0.5, 13, 13],
			"to": [-0.2, 16, 14],
			"rotation": {"angle": 0, "axis": "y", "origin": [1.475, 9, 8]},
			"faces": {
				"north": {"uv": [8, 13, 9, 16], "texture": "#2", "cullface": "west"},
				"east": {"uv": [8, 13, 9, 16], "texture": "#2", "cullface": "west"},
				"south": {"uv": [8, 13, 9, 16], "texture": "#2", "cullface": "west"},
				"west": {"uv": [8, 13, 9, 16], "texture": "#2", "cullface": "west"},
				"down": {"uv": [8, 15, 9, 16], "rotation": 90, "texture": "#2", "cullface": "west"}
			}
		},
		{
			"name": "Handle",
			"from": [2.95, 13, 12],
			"to": [3.15, 14, 14],
			"rotation": {"angle": 0, "axis": "y", "origin": [1.475, 9, 8]},
			"faces": {
				"north": {"uv": [7, 15, 8, 16], "texture": "#2"},
				"east": {"uv": [7, 15, 8, 16], "texture": "#2"},
				"south": {"uv": [7, 15, 8, 16], "rotation": 90, "texture": "#2"},
				"up": {"uv": [7, 15, 8, 16], "rotation": 270, "texture": "#2"},
				"down": {"uv": [7, 15, 8, 16], "rotation": 270, "texture": "#2"}
			}
		},
		{
			"name": "Handle",
			"from": [3.15, 13, 13],
			"to": [3.45, 16, 14],
			"rotation": {"angle": 0, "axis": "y", "origin": [1.475, 9, 8]},
			"faces": {
				"north": {"uv": [8, 13, 9, 16], "texture": "#2"},
				"east": {"uv": [8, 13, 9, 16], "texture": "#2"},
				"south": {"uv": [8, 13, 9, 16], "texture": "#2"},
				"west": {"uv": [8, 13, 9, 16], "texture": "#2"},
				"down": {"uv": [8, 15, 9, 16], "rotation": 270, "texture": "#2"}
			}
		}
	],
	"groups": [
		{
			"name": "Mangrove Door",
			"origin": [0, 0, 13],
			"color": 0,
			"children": [
				0,
				1,
				2,
				3,
				{
					"name": "Ball 1",
					"origin": [0.5, 8, 7],
					"color": 0,
					"children": [4, 5]
				},
				{
					"name": "Ball 2",
					"origin": [0.5, 8, 7],
					"color": 0,
					"children": [6, 7]
				},
				{
					"name": "Handle",
					"origin": [0, 0, 0],
					"color": 0,
					"children": [8, 9, 10, 11]
				}
			]
		}
	]
}