{
	"credit": "Stardust did something here",
	"parent": "minecraft:block/door_top_left",
	"ambientocclusion": false,
	"textures": {
		"2": "block/mangrove_door_sides",
		"4": "block/mangrove_door_top_right",
		"5": "block/mangrove_door_top_left",
		"particle": "block/mangrove_door_top_left"
	},
	"elements": [
		{
			"name": "Bottom",
			"from": [0, 11, 0],
			"to": [3, 16, 16],
			"rotation": {"angle": 0, "axis": "y", "origin": [1.475, 7, 8]},
			"faces": {
				"north": {"uv": [4, 0, 7, 5], "texture": "#2", "cullface": "north"},
				"east": {"uv": [0, 0, 16, 5], "texture": "#5"},
				"south": {"uv": [0, 0, 3, 5], "texture": "#2", "cullface": "south"},
				"west": {"uv": [0, 0, 16, 5], "texture": "#4", "cullface": "west"},
				"up": {"uv": [9, 0, 12, 16], "rotation": 180, "texture": "#2", "cullface": "up"},
				"down": {"uv": [9, 0, 12, 16], "rotation": 180, "texture": "#2"}
			}
		},
		{
			"name": "Left",
			"from": [0, 0, 11],
			"to": [3, 11, 16],
			"rotation": {"angle": 0, "axis": "y", "origin": [1.475, 7, 8]},
			"faces": {
				"north": {"uv": [9, 0, 12, 11], "texture": "#2"},
				"east": {"uv": [0, 5, 5, 16], "texture": "#5"},
				"south": {"uv": [0, 5, 3, 16], "texture": "#2", "cullface": "south"},
				"west": {"uv": [11, 5, 16, 16], "texture": "#4", "cullface": "west"}
			}
		},
		{
			"name": "Mid 2",
			"from": [1, 0, 5],
			"to": [2, 10, 11],
			"rotation": {"angle": 0, "axis": "y", "origin": [1.475, 7, 8]},
			"faces": {
				"east": {"uv": [5, 6, 11, 16], "texture": "#5"},
				"west": {"uv": [5, 6, 11, 16], "texture": "#4", "cullface": "west"}
			}
		},
		{
			"name": "Right",
			"from": [0, 0, 0],
			"to": [3, 11, 5],
			"rotation": {"angle": 0, "axis": "y", "origin": [1.475, 7, 8]},
			"faces": {
				"north": {"uv": [4, 5, 7, 16], "texture": "#2", "cullface": "north"},
				"east": {"uv": [11, 5, 16, 16], "texture": "#5"},
				"south": {"uv": [9, 0, 12, 11], "texture": "#2"},
				"west": {"uv": [0, 5, 5, 16], "texture": "#4", "cullface": "west"}
			}
		},
		{
			"name": "Ball 1",
			"from": [0.5, 7, 6],
			"to": [2.5, 9, 10],
			"rotation": {"angle": 0, "axis": "y", "origin": [1.475, 7, 8]},
			"faces": {
				"north": {"uv": [9, 8, 10, 10], "texture": "#5"},
				"east": {"uv": [6, 8, 10, 10], "texture": "#5"},
				"south": {"uv": [6, 8, 7, 10], "texture": "#5"},
				"west": {"uv": [6, 8, 10, 10], "texture": "#4", "cullface": "west"},
				"up": {"uv": [6, 8, 10, 9], "rotation": 270, "texture": "#5"},
				"down": {"uv": [6, 9, 10, 10], "rotation": 90, "texture": "#5"}
			}
		},
		{
			"name": "Ball 1",
			"from": [0.5, 6, 7],
			"to": [2.5, 10, 9],
			"rotation": {"angle": 0, "axis": "y", "origin": [1.475, 7, 8]},
			"faces": {
				"north": {"uv": [8, 7, 9, 11], "texture": "#5"},
				"east": {"uv": [7, 7, 9, 11], "texture": "#5"},
				"south": {"uv": [7, 7, 8, 11], "texture": "#5"},
				"west": {"uv": [7, 7, 9, 11], "texture": "#5", "cullface": "west"},
				"up": {"uv": [7, 7, 9, 8], "rotation": 180, "texture": "#5"},
				"down": {"uv": [7, 10, 9, 11], "rotation": 180, "texture": "#5"}
			}
		},
		{
			"name": "Ball 2",
			"from": [0.5, 0, 6],
			"to": [2.5, 1, 10],
			"rotation": {"angle": 0, "axis": "y", "origin": [1.475, 7, 8]},
			"faces": {
				"north": {"uv": [6, 15, 7, 16], "texture": "#5"},
				"east": {"uv": [6, 15, 10, 16], "texture": "#5"},
				"south": {"uv": [9, 15, 10, 16], "texture": "#5"},
				"west": {"uv": [6, 15, 10, 16], "texture": "#5", "cullface": "west"},
				"up": {"uv": [6, 15, 10, 16], "rotation": 270, "texture": "#5"}
			}
		},
		{
			"name": "Ball 2",
			"from": [0.5, 0, 7],
			"to": [2.5, 2, 9],
			"rotation": {"angle": 0, "axis": "y", "origin": [1.475, 7, 8]},
			"faces": {
				"north": {"uv": [7, 14, 8, 16], "texture": "#5"},
				"east": {"uv": [7, 14, 9, 16], "texture": "#5"},
				"south": {"uv": [8, 14, 9, 16], "texture": "#5"},
				"west": {"uv": [7, 14, 9, 16], "texture": "#5", "cullface": "west"},
				"up": {"uv": [7, 14, 9, 15], "rotation": 180, "texture": "#5"}
			}
		},
		{
			"name": "Top Thingy",
			"from": [0, 10, 10],
			"to": [3, 11, 11],
			"rotation": {"angle": 0, "axis": "y", "origin": [1.475, 7, 8]},
			"faces": {
				"north": {"uv": [3, 3, 4, 4], "texture": "#5"},
				"east": {"uv": [3, 3, 4, 4], "texture": "#5"},
				"south": {"uv": [0, 0, 3, 1], "texture": "#missing"},
				"west": {"uv": [3, 3, 4, 4], "texture": "#5", "cullface": "west"},
				"up": {"uv": [0, 0, 3, 1], "rotation": 180, "texture": "#missing"},
				"down": {"uv": [3, 3, 4, 4], "rotation": 180, "texture": "#5"}
			}
		},
		{
			"name": "Top Thingy",
			"from": [0, 10, 5],
			"to": [3, 11, 6],
			"rotation": {"angle": 0, "axis": "y", "origin": [1.475, 7, 8]},
			"faces": {
				"north": {"uv": [3, 3, 4, 4], "texture": "#5"},
				"east": {"uv": [3, 3, 4, 4], "texture": "#5"},
				"south": {"uv": [3, 3, 4, 4], "texture": "#5"},
				"west": {"uv": [3, 3, 4, 4], "texture": "#5", "cullface": "west"},
				"up": {"uv": [0, 0, 3, 1], "rotation": 180, "texture": "#missing"},
				"down": {"uv": [3, 3, 4, 4], "rotation": 180, "texture": "#5"}
			}
		},
		{
			"name": "Top Thingy",
			"from": [1, 10, 6],
			"to": [2, 11, 10],
			"rotation": {"angle": 0, "axis": "y", "origin": [1.475, 7, 8]},
			"faces": {
				"north": {"uv": [3, 3, 4, 4], "texture": "#5"},
				"east": {"uv": [6, 5, 10, 6], "texture": "#5"},
				"south": {"uv": [3, 3, 4, 4], "texture": "#5"},
				"west": {"uv": [3, 3, 4, 4], "texture": "#5", "cullface": "west"},
				"up": {"uv": [0, 0, 3, 1], "rotation": 180, "texture": "#missing"},
				"down": {"uv": [3, 3, 4, 4], "rotation": 180, "texture": "#5"}
			}
		},
		{
			"name": "Handle",
			"from": [3, 2, 2],
			"to": [3.2, 3, 4],
			"rotation": {"angle": 0, "axis": "y", "origin": [1.475, 7, 8]},
			"faces": {
				"north": {"uv": [7, 10, 8, 11], "rotation": 270, "texture": "#2"},
				"east": {"uv": [7, 10, 8, 11], "texture": "#2"},
				"south": {"uv": [7, 10, 8, 11], "texture": "#2"},
				"up": {"uv": [7, 10, 8, 11], "rotation": 270, "texture": "#2"},
				"down": {"uv": [7, 10, 8, 11], "rotation": 270, "texture": "#2"}
			}
		},
		{
			"name": "Handle",
			"from": [3.2, 0, 2],
			"to": [3.5, 3, 3],
			"rotation": {"angle": 0, "axis": "y", "origin": [1.475, 7, 8]},
			"faces": {
				"north": {"uv": [8, 10, 9, 13], "rotation": 180, "texture": "#2"},
				"east": {"uv": [8, 10, 9, 13], "rotation": 180, "texture": "#2"},
				"south": {"uv": [8, 10, 9, 13], "rotation": 180, "texture": "#2"},
				"west": {"uv": [8, 10, 9, 13], "texture": "#2"},
				"up": {"uv": [8, 10, 9, 11], "rotation": 270, "texture": "#2"}
			}
		},
		{
			"name": "Handle",
			"from": [-0.15, 2, 2],
			"to": [0.05, 3, 4],
			"rotation": {"angle": 0, "axis": "y", "origin": [1.475, 7, 8]},
			"faces": {
				"north": {"uv": [7, 10, 8, 11], "texture": "#2", "cullface": "west"},
				"south": {"uv": [7, 10, 8, 11], "rotation": 270, "texture": "#2", "cullface": "west"},
				"west": {"uv": [7, 10, 8, 11], "texture": "#2", "cullface": "west"},
				"up": {"uv": [7, 10, 8, 11], "rotation": 90, "texture": "#2", "cullface": "west"},
				"down": {"uv": [7, 10, 8, 11], "rotation": 90, "texture": "#2", "cullface": "west"}
			}
		},
		{
			"name": "Handle",
			"from": [-0.45, 0, 2],
			"to": [-0.15, 3, 3],
			"rotation": {"angle": 0, "axis": "y", "origin": [1.475, 7, 8]},
			"faces": {
				"north": {"uv": [8, 10, 9, 13], "rotation": 180, "texture": "#2", "cullface": "west"},
				"east": {"uv": [8, 10, 9, 13], "rotation": 180, "texture": "#2", "cullface": "west"},
				"south": {"uv": [8, 10, 9, 13], "rotation": 180, "texture": "#2", "cullface": "west"},
				"west": {"uv": [8, 10, 9, 13], "rotation": 180, "texture": "#2", "cullface": "west"},
				"up": {"uv": [8, 10, 9, 11], "rotation": 90, "texture": "#2", "cullface": "west"}
			}
		}
	],
	"groups": [
		{
			"name": "Mangrove Door",
			"origin": [0, 0, 13],
			"color": 0,
			"children": [
				0,
				1,
				2,
				3,
				{
					"name": "Ball 1",
					"origin": [0.5, 8, 7],
					"color": 0,
					"children": [4, 5]
				},
				{
					"name": "Ball 2",
					"origin": [0.5, 8, 7],
					"color": 0,
					"children": [6, 7]
				},
				8,
				9,
				10,
				{
					"name": "Handle",
					"origin": [0, 0, 0],
					"color": 0,
					"children": [11, 12, 13, 14]
				}
			]
		}
	]
}