{
	"credit": "The Stardust System did something here",
	"parent": "block/block",
	"textures": {
		"texture": "block/bamboo_fence"
	},
	"elements": [
		{
			"name": "Top bar",
			"from": [7, 12, 4],
			"to": [9, 15, 12],
			"faces": {
				"east": {"uv": [8, 0, 16, 3], "texture": "#texture"},
				"west": {"uv": [8, 0, 16, 3], "texture": "#texture"},
				"up": {"uv": [11, 7, 13, 15], "texture": "#texture"},
				"down": {"uv": [11, 15, 13, 7], "texture": "#texture"}
			}
		},
		{
			"name": "Top bar left",
			"from": [7, 12, -2],
			"to": [9, 15, 0],
			"faces": {
				"north": {"uv": [13, 4, 15, 7], "texture": "#texture"},
				"east": {"uv": [8, 0, 10, 3], "texture": "#texture"},
				"west": {"uv": [8, 0, 10, 3], "texture": "#texture"},
				"up": {"uv": [11, 7, 13, 9], "texture": "#texture"},
				"down": {"uv": [11, 7, 13, 9], "texture": "#texture"}
			}
		},
		{
			"name": "Top bar right",
			"from": [7, 12, 16],
			"to": [9, 15, 18],
			"faces": {
				"east": {"uv": [14, 0, 16, 3], "texture": "#texture"},
				"south": {"uv": [13, 4, 15, 7], "texture": "#texture"},
				"west": {"uv": [14, 0, 16, 3], "texture": "#texture"},
				"up": {"uv": [11, 13, 13, 15], "texture": "#texture"},
				"down": {"uv": [11, 13, 13, 15], "texture": "#texture"}
			}
		},
		{
			"name": "Lower bar",
			"from": [7, 6, 4],
			"to": [9, 9, 12],
			"faces": {
				"east": {"uv": [8, 0, 16, 3], "texture": "#texture"},
				"west": {"uv": [8, 0, 16, 3], "texture": "#texture"},
				"up": {"uv": [11, 7, 13, 15], "texture": "#texture"},
				"down": {"uv": [11, 15, 13, 7], "texture": "#texture"}
			}
		},
		{
			"name": "Lower bar left",
			"from": [7, 6, -2],
			"to": [9, 9, 0],
			"faces": {
				"north": {"uv": [13, 4, 15, 7], "texture": "#texture"},
				"east": {"uv": [8, 0, 10, 3], "texture": "#texture"},
				"west": {"uv": [8, 0, 10, 3], "texture": "#texture"},
				"up": {"uv": [11, 13, 13, 15], "texture": "#texture"},
				"down": {"uv": [11, 13, 13, 15], "texture": "#texture"}
			}
		},
		{
			"name": "Lower bar right",
			"from": [7, 6, 16],
			"to": [9, 9, 18],
			"faces": {
				"east": {"uv": [14, 0, 16, 3], "texture": "#texture"},
				"south": {"uv": [13, 4, 15, 7], "texture": "#texture"},
				"west": {"uv": [14, 0, 16, 3], "texture": "#texture"},
				"up": {"uv": [11, 13, 13, 15], "texture": "#texture"},
				"down": {"uv": [11, 13, 13, 15], "texture": "#texture"}
			}
		},
		{
			"name": "Center post special",
			"from": [7, 0.8, 1],
			"to": [9, 15.2, 3],
			"faces": {
				"up": {"uv": [5, 1, 7, 3], "texture": "#texture", "cullface": "up"},
				"down": {"uv": [5, 1, 7, 3], "texture": "#texture", "cullface": "down"}
			}
		},
		{
			"name": "Ring",
			"from": [6, 0, 0],
			"to": [7, 16, 4],
			"rotation": {"angle": 0, "axis": "y", "origin": [13, 0.4, 8]},
			"faces": {
				"north": {"uv": [3, 0, 4, 16], "rotation": 180, "texture": "#texture"},
				"east": {"uv": [0, 0, 4, 16], "texture": "#texture"},
				"south": {"uv": [0, 0, 1, 16], "rotation": 180, "texture": "#texture"},
				"west": {"uv": [0, 0, 4, 16], "texture": "#texture"},
				"up": {"uv": [4, 0, 5, 4], "texture": "#texture", "cullface": "up"},
				"down": {"uv": [4, 0, 5, 4], "texture": "#texture", "cullface": "down"}
			}
		},
		{
			"name": "Ring",
			"from": [9, 0, 0],
			"to": [10, 16, 4],
			"rotation": {"angle": 0, "axis": "y", "origin": [13, 0.4, 8]},
			"faces": {
				"north": {"uv": [0, 0, 1, 16], "rotation": 180, "texture": "#texture"},
				"east": {"uv": [0, 0, 4, 16], "texture": "#texture"},
				"south": {"uv": [3, 0, 4, 16], "rotation": 180, "texture": "#texture"},
				"west": {"uv": [4, 0, 0, 16], "texture": "#texture"},
				"up": {"uv": [7, 0, 8, 4], "texture": "#texture", "cullface": "up"},
				"down": {"uv": [7, 0, 8, 4], "texture": "#texture", "cullface": "down"}
			}
		},
		{
			"name": "Ring",
			"from": [7, 0, 0],
			"to": [9, 16, 1],
			"rotation": {"angle": 0, "axis": "y", "origin": [13, 0.4, 8]},
			"faces": {
				"north": {"uv": [1, 0, 3, 16], "rotation": 180, "texture": "#texture"},
				"south": {"uv": [1, 0, 3, 16], "rotation": 180, "texture": "#texture"},
				"up": {"uv": [5, 0, 7, 1], "texture": "#texture", "cullface": "up"},
				"down": {"uv": [5, 3, 7, 4], "texture": "#texture", "cullface": "down"}
			}
		},
		{
			"name": "Ring",
			"from": [7, 0, 3],
			"to": [9, 16, 4],
			"rotation": {"angle": 0, "axis": "y", "origin": [13, 0.4, 8]},
			"faces": {
				"north": {"uv": [1, 0, 3, 16], "rotation": 180, "texture": "#texture"},
				"south": {"uv": [1, 0, 3, 16], "rotation": 180, "texture": "#texture"},
				"up": {"uv": [5, 3, 7, 4], "texture": "#texture", "cullface": "up"},
				"down": {"uv": [5, 0, 7, 1], "texture": "#texture", "cullface": "down"}
			}
		},
		{
			"name": "Center post special",
			"from": [7, 0.8, 13],
			"to": [9, 15.2, 15],
			"faces": {
				"up": {"uv": [5, 1, 7, 3], "texture": "#texture", "cullface": "up"},
				"down": {"uv": [5, 1, 7, 3], "texture": "#texture", "cullface": "down"}
			}
		},
		{
			"name": "Ring",
			"from": [6, 0, 12],
			"to": [7, 16, 16],
			"rotation": {"angle": 0, "axis": "y", "origin": [13, 0.4, 8]},
			"faces": {
				"north": {"uv": [3, 0, 4, 16], "rotation": 180, "texture": "#texture"},
				"east": {"uv": [0, 0, 4, 16], "texture": "#texture"},
				"south": {"uv": [0, 0, 1, 16], "rotation": 180, "texture": "#texture"},
				"west": {"uv": [0, 0, 4, 16], "texture": "#texture"},
				"up": {"uv": [4, 0, 5, 4], "texture": "#texture", "cullface": "up"},
				"down": {"uv": [4, 0, 5, 4], "texture": "#texture", "cullface": "down"}
			}
		},
		{
			"name": "Ring",
			"from": [9, 0, 12],
			"to": [10, 16, 16],
			"rotation": {"angle": 0, "axis": "y", "origin": [13, 0.4, 8]},
			"faces": {
				"north": {"uv": [0, 0, 1, 16], "rotation": 180, "texture": "#texture"},
				"east": {"uv": [0, 0, 4, 16], "texture": "#texture"},
				"south": {"uv": [3, 0, 4, 16], "rotation": 180, "texture": "#texture"},
				"west": {"uv": [4, 0, 0, 16], "texture": "#texture"},
				"up": {"uv": [7, 0, 8, 4], "texture": "#texture", "cullface": "up"},
				"down": {"uv": [7, 0, 8, 4], "texture": "#texture", "cullface": "down"}
			}
		},
		{
			"name": "Ring",
			"from": [7, 0, 12],
			"to": [9, 16, 13],
			"rotation": {"angle": 0, "axis": "y", "origin": [13, 0.4, 8]},
			"faces": {
				"north": {"uv": [1, 0, 3, 16], "rotation": 180, "texture": "#texture"},
				"south": {"uv": [1, 0, 3, 16], "rotation": 180, "texture": "#texture"},
				"up": {"uv": [5, 0, 7, 1], "texture": "#texture", "cullface": "up"},
				"down": {"uv": [5, 3, 7, 4], "texture": "#texture", "cullface": "down"}
			}
		},
		{
			"name": "Ring",
			"from": [7, 0, 15],
			"to": [9, 16, 16],
			"rotation": {"angle": 0, "axis": "y", "origin": [13, 0.4, 8]},
			"faces": {
				"north": {"uv": [1, 0, 3, 16], "rotation": 180, "texture": "#texture"},
				"south": {"uv": [1, 0, 3, 16], "rotation": 180, "texture": "#texture"},
				"up": {"uv": [5, 3, 7, 4], "texture": "#texture", "cullface": "up"},
				"down": {"uv": [5, 0, 7, 1], "texture": "#texture", "cullface": "down"}
			}
		}
	],
	"display": {
		"gui": {
			"rotation": [30, 135, 0],
			"scale": [0.625, 0.625, 0.625]
		},
		"fixed": {
			"rotation": [0, 90, 0],
			"scale": [0.5, 0.5, 0.5]
		}
	},
	"groups": [
		0,
		1,
		2,
		3,
		4,
		5,
		{
			"name": "Fence Post Left",
			"origin": [13, 0.4, 8],
			"color": 0,
			"children": [6, 7, 8, 9, 10]
		},
		{
			"name": "Fence Post Right",
			"origin": [13, 0.4, 8],
			"color": 0,
			"children": [11, 12, 13, 14, 15]
		}
	]
}