{
	"credit": "Made with Blockbench",
	"parent": "minecraft:block/rail_flat",
	"ambientocclusion": false,
	"textures": {
		"1": "block/rails/rail_wood",
		"2": "block/rails/rail_metal",
		"particle": "block/detector_rail"
	},
	"elements": [
		{
			"name": "Rail 1",
			"from": [12, 0, 8],
			"to": [14, 16, 9],
			"rotation": {"angle": 0, "axis": "y", "origin": [8, 8, -1.375]},
			"faces": {
				"north": {"uv": [2, 0, 4, 16], "texture": "#2"},
				"east": {"uv": [2, 0, 3, 16], "texture": "#2"},
				"south": {"uv": [2, 0, 4, 16], "rotation": 180, "texture": "#2"},
				"west": {"uv": [3, 0, 4, 16], "rotation": 180, "texture": "#2"},
				"up": {"uv": [2, 15, 4, 16], "rotation": 180, "texture": "#2"},
				"down": {"uv": [2, 0, 4, 1], "rotation": 180, "texture": "#2"}
			}
		},
		{
			"name": "Rail 2",
			"from": [2, 0, 8],
			"to": [4, 16, 9],
			"rotation": {"angle": 0, "axis": "y", "origin": [8, 8, -1.375]},
			"faces": {
				"north": {"uv": [12, 0, 14, 16], "texture": "#2"},
				"east": {"uv": [12, 0, 13, 16], "rotation": 180, "texture": "#2"},
				"south": {"uv": [12, 0, 14, 16], "rotation": 180, "texture": "#2"},
				"west": {"uv": [13, 0, 14, 16], "rotation": 180, "texture": "#2"},
				"up": {"uv": [12, 15, 14, 16], "rotation": 180, "texture": "#2"},
				"down": {"uv": [12, 0, 14, 1], "rotation": 180, "texture": "#2"}
			}
		},
		{
			"name": "Plank",
			"from": [1, 13, 7],
			"to": [15, 15, 8],
			"rotation": {"angle": 0, "axis": "y", "origin": [8, 8, -1.375]},
			"faces": {
				"north": {"uv": [1, 15, 15, 13], "texture": "#1"},
				"east": {"uv": [1, 13, 2, 15], "rotation": 180, "texture": "#1"},
				"south": {"uv": [1, 13, 15, 15], "rotation": 180, "texture": "#1"},
				"west": {"uv": [14, 13, 15, 15], "rotation": 180, "texture": "#1"},
				"up": {"uv": [1, 14, 15, 15], "rotation": 180, "texture": "#1"},
				"down": {"uv": [1, 13, 15, 14], "texture": "#1"}
			}
		},
		{
			"name": "Plank 2",
			"from": [1, 9, 7],
			"to": [15, 11, 8],
			"rotation": {"angle": 0, "axis": "y", "origin": [8, 8, -1.375]},
			"faces": {
				"north": {"uv": [1, 11, 15, 9], "texture": "#1"},
				"east": {"uv": [1, 9, 2, 11], "rotation": 180, "texture": "#1"},
				"south": {"uv": [1, 9, 15, 11], "rotation": 180, "texture": "#1"},
				"west": {"uv": [14, 9, 15, 11], "rotation": 180, "texture": "#1"},
				"up": {"uv": [1, 10, 15, 11], "rotation": 180, "texture": "#1"},
				"down": {"uv": [1, 9, 15, 10], "texture": "#1"}
			}
		},
		{
			"name": "Plank 3",
			"from": [1, 5, 7],
			"to": [15, 7, 8],
			"rotation": {"angle": 0, "axis": "y", "origin": [8, 8, -1.375]},
			"faces": {
				"north": {"uv": [1, 7, 15, 5], "texture": "#1"},
				"east": {"uv": [1, 5, 2, 7], "rotation": 180, "texture": "#1"},
				"south": {"uv": [1, 5, 15, 7], "rotation": 180, "texture": "#1"},
				"west": {"uv": [14, 5, 15, 7], "rotation": 180, "texture": "#1"},
				"up": {"uv": [1, 6, 15, 7], "rotation": 180, "texture": "#1"},
				"down": {"uv": [1, 5, 15, 6], "texture": "#1"}
			}
		},
		{
			"name": "Plank 4",
			"from": [1, 1, 7],
			"to": [15, 3, 8],
			"rotation": {"angle": 0, "axis": "y", "origin": [8, 8, -1.375]},
			"faces": {
				"north": {"uv": [1, 3, 15, 1], "texture": "#1"},
				"east": {"uv": [1, 1, 2, 3], "rotation": 180, "texture": "#1"},
				"south": {"uv": [1, 1, 15, 3], "rotation": 180, "texture": "#1"},
				"west": {"uv": [14, 1, 15, 3], "rotation": 180, "texture": "#1"},
				"up": {"uv": [1, 2, 15, 3], "rotation": 180, "texture": "#1"},
				"down": {"uv": [1, 1, 15, 2], "texture": "#1"}
			}
		},
		{
			"name": "Button 1",
			"from": [5, 5, 8],
			"to": [11, 11, 9],
			"rotation": {"angle": 0, "axis": "y", "origin": [8, 8, -1.375]},
			"faces": {
				"north": {"uv": [5, 0, 11, 6], "texture": "#2"},
				"east": {"uv": [5, 5, 6, 11], "rotation": 180, "texture": "#particle"},
				"south": {"uv": [5, 5, 11, 11], "rotation": 180, "texture": "#particle"},
				"west": {"uv": [10, 5, 11, 11], "rotation": 180, "texture": "#particle"},
				"up": {"uv": [5, 10, 11, 11], "rotation": 180, "texture": "#particle"},
				"down": {"uv": [5, 5, 11, 6], "rotation": 180, "texture": "#particle"}
			}
		},
		{
			"name": "Button 2",
			"from": [6, 6, 9],
			"to": [10, 10, 9.5],
			"rotation": {"angle": 0, "axis": "y", "origin": [8, 8, -1.375]},
			"faces": {
				"east": {"uv": [6, 6, 7, 10], "rotation": 180, "texture": "#particle"},
				"south": {"uv": [6, 6, 10, 10], "rotation": 180, "texture": "#particle"},
				"west": {"uv": [9, 6, 10, 10], "rotation": 180, "texture": "#particle"},
				"up": {"uv": [6, 9, 10, 10], "rotation": 180, "texture": "#particle"},
				"down": {"uv": [6, 6, 10, 7], "rotation": 180, "texture": "#particle"}
			}
		}
	],
	"gui_light": "front",
	"display": {
		"thirdperson_righthand": {
			"translation": [0, 3.75, 1],
			"scale": [0.55, 0.55, 0.55]
		},
		"thirdperson_lefthand": {
			"translation": [0, 3.75, 1],
			"scale": [0.55, 0.55, 0.55]
		},
		"firstperson_righthand": {
			"rotation": [0, -90, 25],
			"translation": [1.13, 3.2, 1.13],
			"scale": [0.68, 0.68, 0.68]
		},
		"firstperson_lefthand": {
			"rotation": [0, -90, 25],
			"translation": [1.13, 3.2, 1.13],
			"scale": [0.68, 0.68, 0.68]
		},
		"ground": {
			"translation": [0, 2, 0],
			"scale": [0.5, 0.5, 0.5]
		},
		"head": {
			"rotation": [-90, 0, 180],
			"translation": [0, 7.4, 0]
		},
		"fixed": {
			"rotation": [0, 180, 0]
		}
	},
	"groups": [
		{
			"name": "Rails",
			"origin": [0, 0, 0],
			"color": 0,
			"children": [0, 1]
		},
		{
			"name": "Planks",
			"origin": [0, 0, 0],
			"color": 0,
			"children": [2, 3, 4, 5]
		},
		6,
		7
	]
}