{
	"credit": "The Stardust System did something here",
	"ambientocclusion": false,
	"textures": {
		"2": "block/ladder",
		"particle": "block/ladder"
	},
	"elements": [
		{
			"name": "Right Post",
			"from": [12, 0, 7],
			"to": [14, 16, 8],
			"rotation": {"angle": 0, "axis": "y", "origin": [8, 8, 8]},
			"faces": {
				"north": {"uv": [12, 0, 14, 16], "texture": "#2"},
				"east": {"uv": [13, 0, 14, 16], "texture": "#2"},
				"south": {"uv": [12, 0, 14, 16], "texture": "#2"},
				"west": {"uv": [12, 0, 13, 16], "texture": "#2"},
				"up": {"uv": [14, 0, 12, 1], "rotation": 180, "texture": "#2"},
				"down": {"uv": [12, 15, 14, 16], "rotation": 180, "texture": "#2"}
			}
		},
		{
			"name": "Left Post",
			"from": [2, 0, 7],
			"to": [4, 16, 8],
			"rotation": {"angle": 0, "axis": "y", "origin": [8, 8, 8]},
			"faces": {
				"north": {"uv": [12, 0, 14, 16], "texture": "#2"},
				"east": {"uv": [13, 0, 14, 16], "texture": "#2"},
				"south": {"uv": [12, 0, 14, 16], "texture": "#2"},
				"west": {"uv": [12, 0, 13, 16], "texture": "#2"},
				"up": {"uv": [12, 0, 14, 1], "rotation": 180, "texture": "#2"},
				"down": {"uv": [12, 15, 14, 16], "rotation": 180, "texture": "#2"}
			}
		},
		{
			"name": "Rung",
			"from": [1, 1, 8],
			"to": [15, 3, 9],
			"rotation": {"angle": 0, "axis": "y", "origin": [8, 8, 8]},
			"faces": {
				"north": {"uv": [1, 13, 15, 15], "texture": "#2"},
				"east": {"uv": [14, 13, 15, 15], "texture": "#2"},
				"south": {"uv": [1, 13, 15, 15], "texture": "#2"},
				"west": {"uv": [1, 13, 2, 15], "texture": "#2"},
				"up": {"uv": [1, 13, 15, 14], "rotation": 180, "texture": "#2"},
				"down": {"uv": [1, 14, 15, 15], "rotation": 180, "texture": "#2"}
			}
		},
		{
			"name": "Rung",
			"from": [1, 5, 8],
			"to": [15, 7, 9],
			"rotation": {"angle": 0, "axis": "y", "origin": [8, 8, 8]},
			"faces": {
				"north": {"uv": [1, 9, 15, 11], "texture": "#2"},
				"east": {"uv": [14, 9, 15, 11], "texture": "#2"},
				"south": {"uv": [1, 9, 15, 11], "texture": "#2"},
				"west": {"uv": [1, 9, 2, 11], "texture": "#2"},
				"up": {"uv": [1, 9, 15, 10], "rotation": 180, "texture": "#2"},
				"down": {"uv": [1, 10, 15, 11], "rotation": 180, "texture": "#2"}
			}
		},
		{
			"name": "Rung",
			"from": [1, 9, 8],
			"to": [15, 11, 9],
			"rotation": {"angle": 0, "axis": "y", "origin": [8, 8, 8]},
			"faces": {
				"north": {"uv": [1, 5, 15, 7], "texture": "#2"},
				"east": {"uv": [14, 5, 15, 7], "texture": "#2"},
				"south": {"uv": [1, 5, 15, 7], "texture": "#2"},
				"west": {"uv": [1, 5, 2, 7], "texture": "#2"},
				"up": {"uv": [1, 5, 15, 6], "rotation": 180, "texture": "#2"},
				"down": {"uv": [1, 6, 15, 7], "rotation": 180, "texture": "#2"}
			}
		},
		{
			"name": "Rung",
			"from": [1, 13, 8],
			"to": [15, 15, 9],
			"rotation": {"angle": 0, "axis": "y", "origin": [8, 8, 8]},
			"faces": {
				"north": {"uv": [1, 1, 15, 3], "texture": "#2"},
				"east": {"uv": [14, 1, 15, 3], "texture": "#2"},
				"south": {"uv": [1, 1, 15, 3], "texture": "#2"},
				"west": {"uv": [1, 1, 2, 3], "texture": "#2"},
				"up": {"uv": [1, 1, 15, 2], "rotation": 180, "texture": "#2"},
				"down": {"uv": [1, 2, 15, 3], "rotation": 180, "texture": "#2"}
			}
		}
	],
	"gui_light": "front",
	"display": {
		"thirdperson_righthand": {
			"translation": [0, 3.75, 1],
			"scale": [0.55, 0.55, 0.55]
		},
		"thirdperson_lefthand": {
			"translation": [0, 3.75, 1],
			"scale": [0.55, 0.55, 0.55]
		},
		"firstperson_righthand": {
			"rotation": [0, -90, 25],
			"translation": [1.13, 3.2, 1.13],
			"scale": [0.68, 0.68, 0.68]
		},
		"firstperson_lefthand": {
			"rotation": [0, -90, 25],
			"translation": [1.13, 3.2, 1.13],
			"scale": [0.68, 0.68, 0.68]
		},
		"ground": {
			"translation": [0, 2, 0],
			"scale": [0.5, 0.5, 0.5]
		},
		"head": {
			"rotation": [180, 0, 180],
			"translation": [0, 14.4, 0]
		},
		"fixed": {
			"rotation": [0, 180, 0]
		}
	},
	"groups": [
		{
			"name": "Ladder",
			"origin": [0, 0, 0],
			"color": 0,
			"children": [0, 1, 2, 3, 4, 5]
		}
	]
}