{
	"credit": "The Stardust System did something here",
	"parent": "minecraft:item/generated",
	"textures": {
		"layer0": "block/red_mushroom"
	},
	"display": {
		"thirdperson_righthand": {
			"translation": [0, 4.25, 1],
			"scale": [0.55, 0.55, 0.55]
		},
		"thirdperson_lefthand": {
			"translation": [0, 4.25, 1],
			"scale": [0.55, 0.55, 0.55]
		},
		"firstperson_righthand": {
			"rotation": [0, -90, 25],
			"translation": [0.63, 5.45, 0.38],
			"scale": [0.68, 0.68, 0.68]
		},
		"firstperson_lefthand": {
			"rotation": [0, -90, 25],
			"translation": [0.63, 5.45, 0.38],
			"scale": [0.68, 0.68, 0.68]
		},
		"head": {
			"translation": [0, 14.25, 0]
		}
	}
}