{
	"credit": "The Stardust System did something here",
	"textures": {
		"particle": "block/new_brewing_stand",
		"stand": "block/new_brewing_stand"
	},
	"elements": [
		{
			"name": "Cube",
			"from": [4.575, 2, 7.5],
			"to": [7.575, 14, 8.5],
			"rotation": {"angle": 45, "axis": "y", "origin": [8, 8, 8]},
			"faces": {
				"north": {"uv": [9, 2, 12, 14], "texture": "#stand"},
				"east": {"uv": [0, 0, 0, 0], "texture": "#stand"},
				"south": {"uv": [12, 2, 9, 14], "texture": "#stand"},
				"west": {"uv": [5, 2, 6, 14], "texture": "#stand"},
				"up": {"uv": [9, 2, 12, 3], "rotation": 180, "texture": "#stand"},
				"down": {"uv": [9, 13, 12, 14], "rotation": 180, "texture": "#stand"}
			}
		},
		{
			"name": "Cube",
			"from": [2.575, 12, 7.5],
			"to": [4.575, 15, 8.5],
			"rotation": {"angle": 45, "axis": "y", "origin": [8, 8, 8]},
			"faces": {
				"north": {"uv": [5, 1, 3, 4], "texture": "#stand"},
				"east": {"uv": [4, 1, 5, 4], "texture": "#stand"},
				"south": {"uv": [3, 1, 5, 4], "texture": "#stand"},
				"west": {"uv": [3, 1, 4, 4], "texture": "#stand"},
				"up": {"uv": [5, 1, 3, 2], "rotation": 180, "texture": "#stand"},
				"down": {"uv": [5, 3, 3, 4], "rotation": 180, "texture": "#stand"}
			}
		},
		{
			"name": "Cube",
			"from": [2.575, 15, 7.5],
			"to": [3.575, 16, 8.5],
			"rotation": {"angle": 45, "axis": "y", "origin": [8, 8, 8]},
			"faces": {
				"north": {"uv": [4, 0, 3, 1], "texture": "#stand"},
				"east": {"uv": [3, 0, 4, 1], "texture": "#stand"},
				"south": {"uv": [3, 0, 4, 1], "texture": "#stand"},
				"west": {"uv": [3, 0, 4, 1], "texture": "#stand"},
				"up": {"uv": [4, 0, 3, 1], "rotation": 180, "texture": "#stand"}
			}
		},
		{
			"name": "Cube",
			"from": [1.575, 9, 7.5],
			"to": [2.575, 10, 8.5],
			"rotation": {"angle": 45, "axis": "y", "origin": [8, 8, 8]},
			"faces": {
				"north": {"uv": [3, 6, 2, 7], "texture": "#stand"},
				"east": {"uv": [2, 6, 3, 7], "texture": "#stand"},
				"south": {"uv": [2, 6, 3, 7], "texture": "#stand"},
				"west": {"uv": [2, 6, 3, 7], "texture": "#stand"},
				"up": {"uv": [3, 6, 2, 7], "rotation": 180, "texture": "#stand"}
			}
		},
		{
			"name": "Cube",
			"from": [1.575, 11, 7.5],
			"to": [2.575, 13, 8.5],
			"rotation": {"angle": 45, "axis": "y", "origin": [8, 8, 8]},
			"faces": {
				"north": {"uv": [3, 3, 2, 5], "texture": "#stand"},
				"south": {"uv": [2, 3, 3, 5], "texture": "#stand"},
				"west": {"uv": [2, 3, 3, 5], "texture": "#stand"},
				"up": {"uv": [3, 3, 2, 4], "rotation": 180, "texture": "#stand"},
				"down": {"uv": [3, 4, 2, 5], "rotation": 180, "texture": "#stand"}
			}
		},
		{
			"name": "Cube",
			"from": [2.575, 10, 7.5],
			"to": [3.575, 12, 8.5],
			"rotation": {"angle": 45, "axis": "y", "origin": [8, 8, 8]},
			"faces": {
				"north": {"uv": [4, 4, 3, 6], "texture": "#stand"},
				"east": {"uv": [3, 4, 4, 6], "texture": "#stand"},
				"south": {"uv": [3, 4, 4, 6], "texture": "#stand"},
				"west": {"uv": [3, 4, 4, 6], "texture": "#stand"},
				"down": {"uv": [4, 5, 3, 6], "rotation": 180, "texture": "#stand"}
			}
		},
		{
			"name": "Cube",
			"from": [0.575, 2, 7.5],
			"to": [3.575, 9, 8.5],
			"rotation": {"angle": 45, "axis": "y", "origin": [8, 8, 8]},
			"faces": {
				"north": {"uv": [4, 7, 1, 14], "texture": "#stand"},
				"east": {"uv": [1, 7, 2, 14], "texture": "#stand"},
				"south": {"uv": [1, 7, 4, 14], "texture": "#stand"},
				"west": {"uv": [1, 7, 2, 14], "texture": "#stand"},
				"up": {"uv": [4, 7, 1, 8], "rotation": 180, "texture": "#stand"},
				"down": {"uv": [0, 0, 0, 0], "rotation": 180, "texture": "#stand"}
			}
		},
		{
			"name": "Cube",
			"from": [-0.425, 3, 7.5],
			"to": [4.575, 6, 8.5],
			"rotation": {"angle": 45, "axis": "y", "origin": [8, 8, 8]},
			"faces": {
				"north": {"uv": [5, 10, 0, 13], "texture": "#stand"},
				"south": {"uv": [0, 10, 5, 13], "texture": "#stand"},
				"west": {"uv": [0, 10, 1, 13], "texture": "#stand"},
				"up": {"uv": [5, 10, 0, 11], "rotation": 180, "texture": "#stand"},
				"down": {"uv": [5, 12, 0, 13], "rotation": 180, "texture": "#stand"}
			}
		}
	],
	"groups": [
		{
			"name": "3D Brewing Stand",
			"origin": [0, 0, 0],
			"color": 0,
			"children": [0, 1, 2, 3, 4, 5, 6, 7]
		}
	]
}