{
	"credit": "The Stardust System did something here",
	"textures": {
		"base": "block/brewing_stand_base",
		"particle": "block/new_brewing_stand",
		"stand": "block/new_brewing_stand"
	},
	"elements": [
		{
			"name": "Pole",
			"from": [7, 0, 7],
			"to": [9, 15, 9],
			"faces": {
				"north": {"uv": [7, 1, 9, 16], "texture": "#stand"},
				"east": {"uv": [7, 1, 9, 16], "texture": "#stand"},
				"south": {"uv": [7, 1, 9, 16], "texture": "#stand"},
				"west": {"uv": [7, 1, 9, 16], "texture": "#stand"},
				"up": {"uv": [7, 7, 9, 9], "texture": "#stand"},
				"down": {"uv": [7, 14, 9, 16], "texture": "#stand"}
			}
		},
		{
			"name": "Strap",
			"from": [6.75, 11, 6.75],
			"to": [9.25, 13, 9.25],
			"faces": {
				"north": {"uv": [7, 3, 9, 5], "texture": "#stand"},
				"east": {"uv": [7, 3, 9, 5], "texture": "#stand"},
				"south": {"uv": [7, 3, 9, 5], "texture": "#stand"},
				"west": {"uv": [7, 3, 9, 5], "texture": "#stand"},
				"up": {"uv": [7, 3, 8, 4], "texture": "#stand"},
				"down": {"uv": [8, 4, 9, 5], "texture": "#stand"}
			}
		},
		{
			"name": "Base",
			"from": [1, 0, 1],
			"to": [7, 2, 7],
			"faces": {
				"north": {"uv": [1, 14, 7, 16], "texture": "#base"},
				"east": {"uv": [1, 14, 7, 16], "texture": "#base"},
				"south": {"uv": [1, 14, 7, 16], "texture": "#base"},
				"west": {"uv": [1, 14, 7, 16], "texture": "#base"},
				"up": {"uv": [1, 1, 7, 7], "texture": "#base"},
				"down": {"uv": [7, 0, 13, 6], "texture": "#base", "cullface": "down"}
			}
		},
		{
			"name": "Base",
			"from": [1, 0, 9],
			"to": [7, 2, 15],
			"faces": {
				"north": {"uv": [1, 14, 7, 16], "texture": "#base"},
				"east": {"uv": [9, 14, 15, 16], "texture": "#base"},
				"south": {"uv": [1, 14, 7, 16], "texture": "#base"},
				"west": {"uv": [9, 14, 15, 16], "texture": "#base"},
				"up": {"uv": [1, 9, 7, 15], "texture": "#base"},
				"down": {"uv": [6, 0, 12, 6], "texture": "#base", "cullface": "down"}
			}
		},
		{
			"name": "Base",
			"from": [9, 0, 5],
			"to": [15, 2, 11],
			"faces": {
				"north": {"uv": [9, 14, 15, 16], "texture": "#base"},
				"east": {"uv": [5, 14, 11, 16], "texture": "#base"},
				"south": {"uv": [9, 14, 15, 16], "texture": "#base"},
				"west": {"uv": [5, 14, 11, 16], "texture": "#base"},
				"up": {"uv": [9, 5, 15, 11], "texture": "#base"},
				"down": {"uv": [6, 9, 12, 15], "texture": "#base", "cullface": "down"}
			}
		}
	],
	"groups": [
		0,
		1,
		{
			"name": "Stand Base",
			"origin": [0, 0, 0],
			"color": 0,
			"children": [2, 3, 4]
		}
	]
}