{
	"credit": "The Stardust System did something here",
	"textures": {
		"1": "block/new_brewing_stand"
	},
	"elements": [
		{
			"name": "Cube",
			"from": [9, 2, 7.5],
			"to": [11, 14, 8.5],
			"faces": {
				"north": {"uv": [5, 2, 7, 14], "texture": "#1"},
				"east": {"uv": [5, 2, 6, 14], "texture": "#1"},
				"south": {"uv": [7, 2, 5, 14], "texture": "#1"},
				"up": {"uv": [3, 1, 5, 2], "texture": "#1"}
			}
		},
		{
			"name": "Cube",
			"from": [11, 12, 7.5],
			"to": [13, 15, 8.5],
			"faces": {
				"north": {"uv": [3, 1, 5, 4], "texture": "#1"},
				"east": {"uv": [3, 1, 4, 4], "texture": "#1"},
				"south": {"uv": [5, 1, 3, 4], "texture": "#1"},
				"west": {"uv": [4, 1, 5, 4], "texture": "#1"},
				"up": {"uv": [5, 1, 3, 2], "texture": "#1"},
				"down": {"uv": [5, 3, 3, 4], "texture": "#1"}
			}
		},
		{
			"name": "Cube",
			"from": [12, 15, 7.5],
			"to": [13, 16, 8.5],
			"faces": {
				"north": {"uv": [3, 0, 4, 1], "texture": "#1"},
				"east": {"uv": [3, 0, 4, 1], "texture": "#1"},
				"south": {"uv": [4, 0, 3, 1], "texture": "#1"},
				"west": {"uv": [3, 0, 4, 1], "texture": "#1"},
				"up": {"uv": [4, 0, 3, 1], "texture": "#1"}
			}
		},
		{
			"name": "Cube",
			"from": [13, 11, 7.5],
			"to": [14, 13, 8.5],
			"faces": {
				"north": {"uv": [2, 3, 3, 5], "texture": "#1"},
				"east": {"uv": [2, 3, 3, 5], "texture": "#1"},
				"south": {"uv": [3, 3, 2, 5], "texture": "#1"},
				"up": {"uv": [3, 3, 2, 4], "texture": "#1"},
				"down": {"uv": [3, 4, 2, 5], "texture": "#1"}
			}
		},
		{
			"name": "Cube",
			"from": [12, 6, 7.5],
			"to": [13, 12, 8.5],
			"faces": {
				"north": {"uv": [13, 4, 14, 10], "texture": "#1"},
				"east": {"uv": [13, 4, 14, 10], "texture": "#1"},
				"south": {"uv": [14, 4, 13, 10], "texture": "#1"},
				"west": {"uv": [13, 4, 14, 10], "texture": "#1"},
				"down": {"uv": [14, 9, 13, 10], "texture": "#1"}
			}
		}
	],
	"groups": [
		{
			"name": "3D Brewing Stand",
			"origin": [0, 0, 0],
			"color": 0,
			"children": [0, 1, 2, 3, 4]
		}
	]
}