{
	"credit": "Stardust did something here",
	"ambientocclusion": false,
	"textures": {
		"1": "block/spruce_door_bottom_left",
		"2": "block/spruce_door_sides",
		"3": "block/spruce_door_bottom_right",
		"4": "block/spruce_door_inside",
		"particle": "block/spruce_door_bottom_left"
	},
	"elements": [
		{
			"from": [0, 0, 13],
			"to": [3, 16, 16],
			"rotation": {"angle": 0, "axis": "y", "origin": [1.5, 10.5, 8]},
			"faces": {
				"north": {"uv": [2, 0, 3, 16], "texture": "#1"},
				"east": {"uv": [0, 0, 3, 16], "texture": "#1"},
				"south": {"uv": [3, 0, 6, 16], "texture": "#2", "cullface": "south"},
				"west": {"uv": [13, 0, 16, 16], "texture": "#3", "cullface": "west"},
				"down": {"uv": [9, 0, 12, 3], "rotation": 180, "texture": "#2", "cullface": "down"}
			}
		},
		{
			"from": [0.5, 0, 12],
			"to": [2.5, 16, 13],
			"rotation": {"angle": 0, "axis": "y", "origin": [1.5, 10.5, 8]},
			"faces": {
				"east": {"uv": [3, 0, 4, 16], "texture": "#4"},
				"west": {"uv": [12, 0, 13, 16], "texture": "#4"},
				"down": {"uv": [3, 15, 4, 16], "rotation": 180, "texture": "#1", "cullface": "down"}
			}
		},
		{
			"from": [0.5, 0, 9],
			"to": [2.5, 16, 10],
			"rotation": {"angle": 0, "axis": "y", "origin": [1.5, 10.5, 8]},
			"faces": {
				"east": {"uv": [6, 0, 7, 16], "texture": "#4"},
				"west": {"uv": [9, 0, 10, 16], "texture": "#4"},
				"down": {"uv": [6, 15, 7, 16], "rotation": 180, "texture": "#1", "cullface": "down"}
			}
		},
		{
			"from": [0.5, 0, 6],
			"to": [2.5, 16, 7],
			"rotation": {"angle": 0, "axis": "y", "origin": [1.5, 10.5, 8]},
			"faces": {
				"east": {"uv": [9, 0, 10, 16], "texture": "#4"},
				"west": {"uv": [6, 0, 7, 16], "texture": "#4"},
				"down": {"uv": [9, 15, 10, 16], "rotation": 180, "texture": "#1", "cullface": "down"}
			}
		},
		{
			"from": [0.5, 0, 3],
			"to": [2.5, 16, 4],
			"rotation": {"angle": 0, "axis": "y", "origin": [1.5, 10.5, 8]},
			"faces": {
				"east": {"uv": [12, 0, 13, 16], "texture": "#4"},
				"west": {"uv": [3, 0, 4, 16], "texture": "#4"},
				"down": {"uv": [9, 15, 10, 16], "rotation": 180, "texture": "#1", "cullface": "down"}
			}
		},
		{
			"from": [0, 0, 10],
			"to": [3, 16, 12],
			"rotation": {"angle": 0, "axis": "y", "origin": [1.5, 10.5, 8]},
			"faces": {
				"north": {"uv": [5, 0, 6, 16], "texture": "#1"},
				"east": {"uv": [4, 0, 6, 16], "texture": "#1"},
				"south": {"uv": [4, 0, 5, 16], "texture": "#1"},
				"west": {"uv": [10, 0, 12, 16], "texture": "#3", "cullface": "west"},
				"down": {"uv": [9, 4, 12, 6], "rotation": 180, "texture": "#2", "cullface": "down"}
			}
		},
		{
			"from": [0, 0, 7],
			"to": [3, 16, 9],
			"rotation": {"angle": 0, "axis": "y", "origin": [1.5, 10.5, 8]},
			"faces": {
				"north": {"uv": [8, 0, 9, 16], "texture": "#1"},
				"east": {"uv": [7, 0, 9, 16], "texture": "#1"},
				"south": {"uv": [8, 0, 7, 16], "texture": "#3"},
				"west": {"uv": [7, 0, 9, 16], "texture": "#3", "cullface": "west"},
				"down": {"uv": [9, 7, 12, 9], "rotation": 180, "texture": "#2", "cullface": "down"}
			}
		},
		{
			"from": [0, 0, 4],
			"to": [3, 16, 6],
			"rotation": {"angle": 0, "axis": "y", "origin": [1.5, 10.5, 8]},
			"faces": {
				"north": {"uv": [4, 0, 5, 16], "texture": "#1"},
				"east": {"uv": [10, 0, 12, 16], "texture": "#1"},
				"south": {"uv": [10, 0, 11, 16], "texture": "#3"},
				"west": {"uv": [4, 0, 6, 16], "texture": "#3", "cullface": "west"},
				"down": {"uv": [9, 10, 12, 12], "rotation": 180, "texture": "#2", "cullface": "down"}
			}
		},
		{
			"from": [0, 0, 0],
			"to": [3, 16, 3],
			"rotation": {"angle": 0, "axis": "y", "origin": [1.5, 10.5, 8]},
			"faces": {
				"north": {"uv": [9, 0, 12, 16], "texture": "#2", "cullface": "north"},
				"east": {"uv": [13, 0, 16, 16], "texture": "#1"},
				"south": {"uv": [2, 0, 3, 16], "texture": "#1"},
				"west": {"uv": [0, 0, 3, 16], "texture": "#3", "cullface": "west"},
				"down": {"uv": [9, 13, 12, 16], "rotation": 180, "texture": "#2", "cullface": "down"}
			}
		},
		{
			"from": [3, 15, 3],
			"to": [3.3, 16, 5],
			"rotation": {"angle": 0, "axis": "y", "origin": [1.5, 10.5, 8]},
			"faces": {
				"north": {"uv": [12, 0, 12.2, 1], "texture": "#1"},
				"east": {"uv": [11, 0, 13, 1], "texture": "#1"},
				"south": {"uv": [11, 0, 12, 1], "texture": "#1"},
				"west": {"uv": [5, 0, 3, 1], "texture": "#3"},
				"up": {"uv": [11, 0, 13, 1], "rotation": 270, "texture": "#1"},
				"down": {"uv": [13, 0, 11, 1], "rotation": 270, "texture": "#1"}
			}
		},
		{
			"from": [-0.3, 15, 3],
			"to": [0, 16, 5],
			"rotation": {"angle": 0, "axis": "y", "origin": [1.5, 10.5, 8]},
			"faces": {
				"north": {"uv": [11, 0, 12, 1], "texture": "#1", "cullface": "west"},
				"east": {"uv": [13, 0, 11, 1], "texture": "#1", "cullface": "west"},
				"south": {"uv": [12, 0, 13, 1], "texture": "#1", "cullface": "west"},
				"west": {"uv": [3, 0, 5, 1], "texture": "#3", "cullface": "west"},
				"up": {"uv": [13, 0, 11, 1], "rotation": 270, "texture": "#1", "cullface": "west"},
				"down": {"uv": [11, 0, 13, 1], "rotation": 270, "texture": "#1", "cullface": "west"}
			}
		},
		{
			"from": [3, 12, 3],
			"to": [3.3, 13, 5],
			"rotation": {"angle": 0, "axis": "y", "origin": [1.5, 10.5, 8]},
			"faces": {
				"north": {"uv": [12, 3, 12.2, 4], "texture": "#1"},
				"east": {"uv": [11, 3, 13, 4], "texture": "#1"},
				"south": {"uv": [11, 3, 11.2, 4], "texture": "#1"},
				"west": {"uv": [5, 3, 3, 4], "texture": "#3"},
				"up": {"uv": [11, 3, 13, 4], "rotation": 270, "texture": "#1"},
				"down": {"uv": [13, 3, 11, 4], "rotation": 270, "texture": "#1"}
			}
		},
		{
			"from": [-0.3, 12, 3],
			"to": [0, 13, 5],
			"rotation": {"angle": 0, "axis": "y", "origin": [1.5, 10.5, 8]},
			"faces": {
				"north": {"uv": [12, 3, 12.2, 4], "texture": "#1", "cullface": "west"},
				"east": {"uv": [13, 3, 11, 4], "texture": "#1", "cullface": "west"},
				"south": {"uv": [12, 3, 13, 4], "texture": "#1", "cullface": "west"},
				"west": {"uv": [3, 3, 5, 4], "texture": "#3", "cullface": "west"},
				"up": {"uv": [13, 3, 11, 4], "rotation": 270, "texture": "#1", "cullface": "west"},
				"down": {"uv": [11, 3, 13, 4], "rotation": 270, "texture": "#1", "cullface": "west"}
			}
		},
		{
			"from": [-0.3, 13, 5],
			"to": [0, 15, 6],
			"rotation": {"angle": 0, "axis": "y", "origin": [1.5, 10.5, 8]},
			"faces": {
				"north": {"uv": [13, 1, 14, 3], "texture": "#1", "cullface": "west"},
				"south": {"uv": [13, 1, 14, 3], "texture": "#1", "cullface": "west"},
				"west": {"uv": [5, 1, 6, 3], "texture": "#3", "cullface": "west"},
				"up": {"uv": [13, 1, 14, 2], "rotation": 180, "texture": "#1", "cullface": "west"},
				"down": {"uv": [13, 2, 14, 3], "rotation": 180, "texture": "#1", "cullface": "west"}
			}
		},
		{
			"from": [3, 13, 5],
			"to": [3.3, 15, 6],
			"rotation": {"angle": 0, "axis": "y", "origin": [1.5, 10.5, 8]},
			"faces": {
				"north": {"uv": [10, 1, 11, 3], "texture": "#1"},
				"east": {"uv": [10, 1, 11, 3], "texture": "#1"},
				"south": {"uv": [10, 1, 11, 3], "texture": "#1"},
				"up": {"uv": [10, 1, 10.2, 2], "rotation": 180, "texture": "#1"},
				"down": {"uv": [10, 2, 11, 3], "rotation": 180, "texture": "#1"}
			}
		},
		{
			"from": [3, 13, 2],
			"to": [3.3, 15, 3],
			"rotation": {"angle": 0, "axis": "y", "origin": [1.5, 10.5, 8]},
			"faces": {
				"north": {"uv": [13, 1, 14, 3], "texture": "#1"},
				"east": {"uv": [13, 1, 14, 3], "texture": "#1"},
				"south": {"uv": [13, 1, 13.2, 3], "texture": "#1"},
				"up": {"uv": [14, 1, 13.2, 2], "rotation": 180, "texture": "#1"},
				"down": {"uv": [13, 2, 13.2, 3], "rotation": 180, "texture": "#1"}
			}
		},
		{
			"from": [-0.3, 13, 2],
			"to": [0, 15, 3],
			"rotation": {"angle": 0, "axis": "y", "origin": [1.5, 10.5, 8]},
			"faces": {
				"north": {"uv": [10, 1, 11, 3], "texture": "#1", "cullface": "west"},
				"south": {"uv": [10, 1, 11, 3], "texture": "#1", "cullface": "west"},
				"west": {"uv": [2, 1, 3, 3], "texture": "#3", "cullface": "west"},
				"up": {"uv": [10, 1, 11, 2], "rotation": 180, "texture": "#1", "cullface": "west"},
				"down": {"uv": [10, 2, 11, 3], "rotation": 180, "texture": "#1", "cullface": "west"}
			}
		},
		{
			"from": [2, 5, 3],
			"to": [3, 6, 13],
			"rotation": {"angle": 0, "axis": "y", "origin": [1.5, 10.5, 8]},
			"faces": {
				"east": {"uv": [3, 10, 13, 11], "texture": "#1"},
				"up": {"uv": [3, 10, 13, 11], "rotation": 270, "texture": "#1"},
				"down": {"uv": [13, 10, 3, 11], "rotation": 270, "texture": "#1"}
			}
		},
		{
			"from": [0, 5, 3],
			"to": [1, 6, 13],
			"rotation": {"angle": 0, "axis": "y", "origin": [1.5, 10.5, 8]},
			"faces": {
				"west": {"uv": [3, 10, 13, 11], "texture": "#3", "cullface": "west"},
				"up": {"uv": [13, 10, 3, 11], "rotation": 270, "texture": "#3"},
				"down": {"uv": [3, 10, 13, 11], "rotation": 270, "texture": "#3"}
			}
		}
	],
	"groups": [
		{
			"name": "Spruce Door",
			"origin": [0, 0, 0],
			"color": 0,
			"children": [0, 1, 2, 3, 4, 5, 6, 7, 8, 9, 10, 11, 12, 13, 14, 15, 16, 17, 18]
		}
	]
}