{
	"credit": "Stardust did something here",
	"ambientocclusion": false,
	"textures": {
		"1": "block/spruce_door_top_left",
		"2": "block/spruce_door_sides",
		"3": "block/spruce_door_top_right",
		"particle": "block/spruce_door_top_left"
	},
	"elements": [
		{
			"from": [0, 0, 13],
			"to": [3, 16, 16],
			"rotation": {"angle": 0, "axis": "y", "origin": [1.5, 6, 8]},
			"faces": {
				"north": {"uv": [2, 0, 3, 16], "texture": "#1"},
				"east": {"uv": [0, 0, 3, 16], "texture": "#1"},
				"south": {"uv": [0, 0, 3, 16], "texture": "#2", "cullface": "south"},
				"west": {"uv": [13, 0, 16, 16], "texture": "#3", "cullface": "west"},
				"up": {"uv": [6, 0, 9, 3], "rotation": 180, "texture": "#2", "cullface": "up"}
			}
		},
		{
			"from": [0.5, 0, 12],
			"to": [2.5, 16, 13],
			"rotation": {"angle": 0, "axis": "y", "origin": [1.5, 6, 8]},
			"faces": {
				"east": {"uv": [3, 0, 4, 16], "texture": "#1"},
				"west": {"uv": [12, 0, 13, 16], "texture": "#3"},
				"up": {"uv": [3, 0, 4, 2], "rotation": 270, "texture": "#1", "cullface": "up"}
			}
		},
		{
			"from": [0.5, 0, 9],
			"to": [2.5, 16, 10],
			"rotation": {"angle": 0, "axis": "y", "origin": [1.5, 6, 8]},
			"faces": {
				"east": {"uv": [6, 0, 7, 16], "texture": "#1"},
				"west": {"uv": [9, 0, 10, 16], "texture": "#3"},
				"up": {"uv": [6, 0, 7, 2], "rotation": 270, "texture": "#1", "cullface": "up"}
			}
		},
		{
			"from": [0.5, 0, 6],
			"to": [2.5, 16, 7],
			"rotation": {"angle": 0, "axis": "y", "origin": [1.5, 6, 8]},
			"faces": {
				"east": {"uv": [9, 0, 10, 16], "texture": "#1"},
				"west": {"uv": [6, 0, 7, 16], "texture": "#3"},
				"up": {"uv": [9, 0, 10, 2], "rotation": 270, "texture": "#1", "cullface": "up"}
			}
		},
		{
			"from": [0.5, 0, 3],
			"to": [2.5, 16, 4],
			"rotation": {"angle": 0, "axis": "y", "origin": [1.5, 6, 8]},
			"faces": {
				"east": {"uv": [12, 0, 13, 16], "texture": "#1"},
				"west": {"uv": [3, 0, 4, 16], "texture": "#3"},
				"up": {"uv": [12, 0, 13, 2], "rotation": 270, "texture": "#1", "cullface": "up"}
			}
		},
		{
			"from": [0, 0, 10],
			"to": [3, 16, 12],
			"rotation": {"angle": 0, "axis": "y", "origin": [1.5, 6, 8]},
			"faces": {
				"north": {"uv": [5, 0, 6, 16], "texture": "#1"},
				"east": {"uv": [4, 0, 6, 16], "texture": "#1"},
				"south": {"uv": [4, 0, 5, 16], "texture": "#1"},
				"west": {"uv": [10, 0, 12, 16], "texture": "#3", "cullface": "west"},
				"up": {"uv": [6, 4, 9, 6], "rotation": 180, "texture": "#2", "cullface": "up"}
			}
		},
		{
			"from": [0, 0, 7],
			"to": [3, 16, 9],
			"rotation": {"angle": 0, "axis": "y", "origin": [1.5, 6, 8]},
			"faces": {
				"north": {"uv": [8, 0, 9, 16], "texture": "#1"},
				"east": {"uv": [7, 0, 9, 16], "texture": "#1"},
				"south": {"uv": [8, 0, 7, 16], "texture": "#3"},
				"west": {"uv": [7, 0, 9, 16], "texture": "#3", "cullface": "west"},
				"up": {"uv": [6, 7, 9, 9], "rotation": 180, "texture": "#2", "cullface": "up"}
			}
		},
		{
			"from": [0, 0, 4],
			"to": [3, 16, 6],
			"rotation": {"angle": 0, "axis": "y", "origin": [1.5, 6, 8]},
			"faces": {
				"north": {"uv": [4, 0, 5, 16], "texture": "#1"},
				"east": {"uv": [10, 0, 12, 16], "texture": "#1"},
				"south": {"uv": [10, 0, 11, 16], "texture": "#3"},
				"west": {"uv": [4, 0, 6, 16], "texture": "#3", "cullface": "west"},
				"up": {"uv": [6, 10, 9, 12], "rotation": 180, "texture": "#2", "cullface": "up"}
			}
		},
		{
			"from": [0, 0, 0],
			"to": [3, 16, 3],
			"rotation": {"angle": 0, "axis": "y", "origin": [1.5, 6, 8]},
			"faces": {
				"north": {"uv": [9, 0, 12, 16], "texture": "#2", "cullface": "north"},
				"east": {"uv": [13, 0, 16, 16], "texture": "#1"},
				"south": {"uv": [2, 0, 3, 16], "texture": "#1"},
				"west": {"uv": [0, 0, 3, 16], "texture": "#3", "cullface": "west"},
				"up": {"uv": [6, 13, 9, 16], "rotation": 180, "texture": "#2", "cullface": "up"}
			}
		},
		{
			"from": [2, 0, 3],
			"to": [3, 1, 13],
			"rotation": {"angle": 0, "axis": "y", "origin": [1.5, 6, 8]},
			"faces": {
				"east": {"uv": [3, 15, 13, 16], "texture": "#1"},
				"up": {"uv": [3, 15, 13, 16], "rotation": 270, "texture": "#1"},
				"down": {"uv": [13, 15, 3, 16], "rotation": 270, "texture": "#1"}
			}
		},
		{
			"from": [2, 11, 3],
			"to": [3, 12, 13],
			"rotation": {"angle": 0, "axis": "y", "origin": [1.5, 6, 8]},
			"faces": {
				"east": {"uv": [3, 4, 13, 5], "texture": "#1"},
				"up": {"uv": [3, 4, 13, 5], "rotation": 270, "texture": "#1"},
				"down": {"uv": [13, 4, 3, 5], "rotation": 270, "texture": "#1"}
			}
		},
		{
			"from": [0, 11, 3],
			"to": [1, 12, 13],
			"rotation": {"angle": 0, "axis": "y", "origin": [1.5, 6, 8]},
			"faces": {
				"west": {"uv": [3, 4, 13, 5], "texture": "#3", "cullface": "west"},
				"up": {"uv": [13, 4, 3, 5], "rotation": 270, "texture": "#3"},
				"down": {"uv": [3, 4, 13, 5], "rotation": 270, "texture": "#3"}
			}
		},
		{
			"from": [0, 0, 3],
			"to": [1, 1, 13],
			"rotation": {"angle": 0, "axis": "y", "origin": [1.5, 6, 8]},
			"faces": {
				"west": {"uv": [3, 15, 13, 16], "texture": "#3", "cullface": "west"},
				"up": {"uv": [13, 15, 3, 16], "rotation": 270, "texture": "#3"},
				"down": {"uv": [3, 15, 13, 16], "rotation": 270, "texture": "#3"}
			}
		}
	],
	"groups": [
		{
			"name": "Spruce Door",
			"origin": [0, 0, 0],
			"color": 0,
			"children": [0, 1, 2, 3, 4, 5, 6, 7, 8, 9, 10, 11, 12]
		}
	]
}