{
	"credit": "Butter did something here",
	"parent": "minecraft:block/cross",
	"ambientocclusion": false,
	"textures": {
		"1": "block/crimson_fungus_3d",
		"2": "block/crimson_fungus_bottom",
		"particle": "block/flower_pot",
		"flowerpot": "block/flower_pot",
		"dirt": "block/netherrack"
	},
	"elements": [
		{
			"from": [5, 0, 5],
			"to": [6, 6, 11],
			"faces": {
				"north": {"uv": [10, 10, 11, 16], "texture": "#flowerpot"},
				"east": {"uv": [5, 10, 11, 16], "texture": "#flowerpot"},
				"south": {"uv": [5, 10, 6, 16], "texture": "#flowerpot"},
				"west": {"uv": [5, 10, 11, 16], "texture": "#flowerpot"},
				"up": {"uv": [5, 5, 6, 11], "texture": "#flowerpot"},
				"down": {"uv": [5, 5, 6, 11], "texture": "#flowerpot", "cullface": "down"}
			}
		},
		{
			"from": [10, 0, 5],
			"to": [11, 6, 11],
			"faces": {
				"north": {"uv": [5, 10, 6, 16], "texture": "#flowerpot"},
				"east": {"uv": [5, 10, 11, 16], "texture": "#flowerpot"},
				"south": {"uv": [10, 10, 11, 16], "texture": "#flowerpot"},
				"west": {"uv": [5, 10, 11, 16], "texture": "#flowerpot"},
				"up": {"uv": [10, 5, 11, 11], "texture": "#flowerpot"},
				"down": {"uv": [10, 5, 11, 11], "texture": "#flowerpot", "cullface": "down"}
			}
		},
		{
			"from": [6, 0, 5],
			"to": [10, 6, 6],
			"faces": {
				"north": {"uv": [6, 10, 10, 16], "texture": "#flowerpot"},
				"south": {"uv": [6, 10, 10, 16], "texture": "#flowerpot"},
				"up": {"uv": [6, 5, 10, 6], "texture": "#flowerpot"},
				"down": {"uv": [6, 10, 10, 11], "texture": "#flowerpot", "cullface": "down"}
			}
		},
		{
			"from": [6, 0, 10],
			"to": [10, 6, 11],
			"faces": {
				"north": {"uv": [6, 10, 10, 16], "texture": "#flowerpot"},
				"south": {"uv": [6, 10, 10, 16], "texture": "#flowerpot"},
				"up": {"uv": [6, 10, 10, 11], "texture": "#flowerpot"},
				"down": {"uv": [6, 5, 10, 6], "texture": "#flowerpot", "cullface": "down"}
			}
		},
		{
			"from": [6, 0, 6],
			"to": [10, 4, 10],
			"faces": {
				"up": {"uv": [6, 6, 10, 10], "texture": "#dirt"},
				"down": {"uv": [6, 12, 10, 16], "texture": "#flowerpot", "cullface": "down"}
			}
		},
		{
			"name": "Mushroom Bulb",
			"from": [3, 8, 3],
			"to": [13, 11, 13],
			"faces": {
				"north": {"uv": [6, 10, 16, 13], "texture": "#1"},
				"east": {"uv": [6, 13, 16, 16], "texture": "#1"},
				"south": {"uv": [6, 10, 16, 13], "texture": "#1"},
				"west": {"uv": [6, 13, 16, 16], "texture": "#1"},
				"up": {"uv": [6, 0, 16, 10], "texture": "#1"},
				"down": {"uv": [3, 3, 13, 13], "texture": "#2"}
			}
		},
		{
			"name": "Bulb 2",
			"from": [5, 11, 5],
			"to": [11, 14, 11],
			"faces": {
				"north": {"uv": [0, 10, 6, 13], "texture": "#1"},
				"east": {"uv": [0, 13, 6, 16], "texture": "#1"},
				"south": {"uv": [0, 10, 6, 13], "texture": "#1"},
				"west": {"uv": [0, 13, 6, 16], "texture": "#1"},
				"up": {"uv": [8, 2, 14, 8], "texture": "#1"}
			}
		},
		{
			"name": "Bulb 3",
			"from": [6, 14, 6],
			"to": [10, 15, 10],
			"faces": {
				"north": {"uv": [0, 3, 4, 4], "texture": "#1"},
				"east": {"uv": [0, 4, 4, 5], "texture": "#1"},
				"south": {"uv": [4, 3, 0, 4], "rotation": 180, "texture": "#1"},
				"west": {"uv": [0, 4, 4, 5], "texture": "#1"},
				"up": {"uv": [9, 3, 13, 7], "texture": "#1"}
			}
		},
		{
			"name": "Stem",
			"from": [7, 4, 7],
			"to": [9, 8, 9],
			"faces": {
				"north": {"uv": [0, 5, 2, 9], "texture": "#1"},
				"east": {"uv": [0, 5, 2, 9], "texture": "#1"},
				"south": {"uv": [0, 5, 2, 9], "texture": "#1"},
				"west": {"uv": [0, 5, 2, 9], "texture": "#1"}
			}
		}
	],
	"groups": [
		0,
		1,
		2,
		3,
		4,
		{
			"name": "crimson_fungus",
			"origin": [8, 8, 8],
			"color": 0,
			"children": [
				{
					"name": "Mushroom",
					"origin": [8, 8, 8],
					"color": 0,
					"children": [5, 6, 7, 8]
				}
			]
		}
	]
}