{
	"credit": "Butter did something here",
	"parent": "minecraft:block/door_bottom",
	"ambientocclusion": false,
	"textures": {
		"2": "block/birch_door_sides",
		"3": "block/birch_door_bottom_right",
		"particle": "block/birch_door_bottom_left",
		"bottom": "block/birch_door_bottom_left"
	},
	"elements": [
		{
			"name": "Window",
			"from": [1, 12, 3],
			"to": [2, 16, 13],
			"rotation": {"angle": 0, "axis": "y", "origin": [1.5, 10, 8]},
			"faces": {
				"east": {"uv": [3, 0, 13, 4], "texture": "#bottom"},
				"west": {"uv": [3, 0, 13, 4], "texture": "#3"}
			}
		},
		{
			"name": "Bottom",
			"from": [0, 0, 0],
			"to": [3, 12, 16],
			"rotation": {"angle": 0, "axis": "y", "origin": [1.5, 10, 8]},
			"faces": {
				"north": {"uv": [9, 4, 12, 16], "texture": "#2", "cullface": "north"},
				"east": {"uv": [0, 4, 16, 16], "texture": "#bottom"},
				"south": {"uv": [13, 4, 16, 16], "texture": "#2", "cullface": "south"},
				"west": {"uv": [0, 4, 16, 16], "texture": "#3", "cullface": "west"},
				"up": {"uv": [4, 16, 7, 3], "texture": "#2"},
				"down": {"uv": [9, 0, 12, 16], "texture": "#2", "cullface": "down"}
			}
		},
		{
			"name": "Left",
			"from": [0, 12, 13],
			"to": [3, 16, 16],
			"rotation": {"angle": 0, "axis": "y", "origin": [1.5, 10, 8]},
			"faces": {
				"north": {"uv": [9, 0, 12, 4], "texture": "#2"},
				"east": {"uv": [0, 0, 3, 4], "texture": "#bottom"},
				"south": {"uv": [13, 0, 16, 4], "texture": "#2", "cullface": "south"},
				"west": {"uv": [13, 0, 16, 4], "texture": "#3", "cullface": "west"},
				"down": {"uv": [13, 13, 16, 16], "rotation": 270, "texture": "#bottom"}
			}
		},
		{
			"name": "Right",
			"from": [0, 12, 0],
			"to": [3, 16, 3],
			"rotation": {"angle": 0, "axis": "y", "origin": [1.5, 10, 8]},
			"faces": {
				"north": {"uv": [9, 5, 12, 9], "texture": "#2", "cullface": "north"},
				"east": {"uv": [13, 0, 16, 4], "texture": "#bottom"},
				"south": {"uv": [9, 0, 12, 4], "texture": "#2"},
				"west": {"uv": [0, 0, 3, 4], "texture": "#3", "cullface": "west"}
			}
		}
	],
	"groups": [
		{
			"name": "birch_door_bottom",
			"origin": [8, 8, 8],
			"color": 0,
			"children": [0, 1, 2, 3]
		}
	]
}