{
	"credit": "Butter did something here",
	"ambientocclusion": false,
	"textures": {
		"2": "block/birch_door_sides",
		"3": "block/birch_door_bottom_left",
		"4": "block/birch_door_bottom_right",
		"particle": "block/birch_door_bottom_right"
	},
	"elements": [
		{
			"name": "Window",
			"from": [1, 12, 3],
			"to": [2, 16, 13],
			"rotation": {"angle": 0, "axis": "y", "origin": [9.5, 10, 8]},
			"faces": {
				"east": {"uv": [3, 0, 13, 4], "texture": "#3"},
				"west": {"uv": [3, 0, 13, 4], "texture": "#4"}
			}
		},
		{
			"name": "Bottom",
			"from": [0, 0, 0],
			"to": [3, 12, 16],
			"rotation": {"angle": 0, "axis": "y", "origin": [9.5, 10, 8]},
			"faces": {
				"north": {"uv": [12, 4, 9, 16], "texture": "#2", "cullface": "north"},
				"east": {"uv": [0, 4, 16, 16], "texture": "#3"},
				"south": {"uv": [16, 4, 13, 16], "texture": "#2", "cullface": "south"},
				"west": {"uv": [0, 4, 16, 16], "texture": "#4", "cullface": "west"},
				"up": {"uv": [4, 16, 7, 3], "texture": "#2"},
				"down": {"uv": [9, 0, 12, 16], "texture": "#2", "cullface": "down"}
			}
		},
		{
			"name": "Left",
			"from": [0, 12, 13],
			"to": [3, 16, 16],
			"rotation": {"angle": 0, "axis": "y", "origin": [9.5, 10, 8]},
			"faces": {
				"north": {"uv": [9, 0, 12, 4], "texture": "#2"},
				"east": {"uv": [0, 0, 3, 4], "texture": "#3"},
				"south": {"uv": [16, 0, 13, 4], "texture": "#2", "cullface": "south"},
				"west": {"uv": [13, 0, 16, 4], "texture": "#4", "cullface": "west"}
			}
		},
		{
			"name": "Right",
			"from": [0, 12, 0],
			"to": [3, 16, 3],
			"rotation": {"angle": 0, "axis": "y", "origin": [9.5, 10, 8]},
			"faces": {
				"north": {"uv": [12, 0, 9, 4], "texture": "#2", "cullface": "north"},
				"east": {"uv": [13, 0, 16, 4], "texture": "#3"},
				"south": {"uv": [9, 0, 12, 4], "texture": "#2"},
				"west": {"uv": [0, 0, 3, 4], "texture": "#4", "cullface": "west"}
			}
		}
	],
	"groups": [
		{
			"name": "birch_door_bottom",
			"origin": [8, 8, 8],
			"color": 0,
			"children": [0, 1, 2, 3]
		}
	]
}