{
	"credit": "Stardust did something here",
	"ambientocclusion": false,
	"textures": {
		"1": "block/jungle_door_sides",
		"2": "block/jungle_door_bottom_rev",
		"particle": "block/jungle_door_bottom",
		"bottom": "block/jungle_door_bottom"
	},
	"elements": [
		{
			"from": [0, 0, 0],
			"to": [3, 16, 16],
			"faces": {
				"north": {"uv": [13, 0, 16, 16], "texture": "#1", "cullface": "north"},
				"east": {"uv": [0, 0, 16, 16], "texture": "#2"},
				"south": {"uv": [9, 0, 12, 16], "texture": "#1", "cullface": "south"},
				"west": {"uv": [0, 0, 16, 16], "texture": "#bottom", "cullface": "west"},
				"down": {"uv": [9, 0, 12, 16], "texture": "#1", "cullface": "down"}
			}
		}
	]
}