{
	"credit": "Stardust did something here",
	"ambientocclusion": false,
	"textures": {
		"1": "block/jungle_door_sides",
		"2": "block/jungle_door_top_rev",
		"particle": "block/jungle_door_top",
		"top": "block/jungle_door_top"
	},
	"elements": [
		{
			"from": [0, 0, 4],
			"to": [3, 4, 12],
			"rotation": {"angle": 0, "axis": "y", "origin": [1.5, 8.25, 8]},
			"faces": {
				"east": {"uv": [4, 12, 12, 16], "texture": "#2"},
				"west": {"uv": [4, 12, 12, 16], "texture": "#top", "cullface": "west"},
				"up": {"uv": [4, 4, 7, 12], "rotation": 180, "texture": "#1"}
			}
		},
		{
			"from": [0, 0, 12],
			"to": [3, 16, 16],
			"rotation": {"angle": 0, "axis": "y", "origin": [1.5, 8.25, 8]},
			"faces": {
				"north": {"uv": [4, 0, 7, 16], "texture": "#1"},
				"east": {"uv": [0, 0, 4, 16], "texture": "#2"},
				"south": {"uv": [4, 0, 7, 16], "texture": "#1", "cullface": "south"},
				"west": {"uv": [12, 0, 16, 16], "texture": "#top", "cullface": "west"},
				"up": {"uv": [4, 12, 7, 16], "rotation": 180, "texture": "#1", "cullface": "up"}
			}
		},
		{
			"from": [0, 0, 0],
			"to": [3, 16, 4],
			"rotation": {"angle": 0, "axis": "y", "origin": [1.5, 8.25, 8]},
			"faces": {
				"north": {"uv": [0, 0, 3, 16], "texture": "#1", "cullface": "north"},
				"east": {"uv": [12, 0, 16, 16], "texture": "#2"},
				"south": {"uv": [4, 0, 7, 16], "texture": "#1"},
				"west": {"uv": [0, 0, 4, 16], "texture": "#top", "cullface": "west"},
				"up": {"uv": [4, 0, 7, 4], "rotation": 180, "texture": "#1", "cullface": "up"}
			}
		},
		{
			"from": [0, 12, 4],
			"to": [3, 16, 7],
			"rotation": {"angle": 0, "axis": "y", "origin": [1.5, 8.25, 8]},
			"faces": {
				"east": {"uv": [9, 0, 12, 4], "texture": "#2"},
				"south": {"uv": [4, 1, 7, 5], "texture": "#1"},
				"west": {"uv": [4, 0, 7, 4], "texture": "#top", "cullface": "west"},
				"up": {"uv": [7, 7, 4, 4], "rotation": 180, "texture": "#1", "cullface": "up"},
				"down": {"uv": [7, 4, 4, 7], "rotation": 180, "texture": "#1"}
			}
		},
		{
			"from": [0, 12, 9],
			"to": [3, 16, 12],
			"rotation": {"angle": 0, "axis": "y", "origin": [1.5, 8.25, 8]},
			"faces": {
				"north": {"uv": [4, 11, 7, 15], "texture": "#1"},
				"east": {"uv": [4, 0, 7, 4], "texture": "#2"},
				"west": {"uv": [9, 0, 12, 4], "texture": "#top", "cullface": "west"},
				"up": {"uv": [7, 12, 4, 9], "rotation": 180, "texture": "#1", "cullface": "up"},
				"down": {"uv": [7, 9, 4, 12], "rotation": 180, "texture": "#1"}
			}
		},
		{
			"from": [0, 13, 7],
			"to": [3, 16, 9],
			"rotation": {"angle": 0, "axis": "y", "origin": [1.5, 8.25, 8]},
			"faces": {
				"east": {"uv": [7, 0, 9, 3], "texture": "#2"},
				"west": {"uv": [7, 0, 9, 3], "texture": "#top", "cullface": "west"},
				"up": {"uv": [7, 9, 4, 7], "rotation": 180, "texture": "#1", "cullface": "up"},
				"down": {"uv": [7, 7, 4, 9], "rotation": 180, "texture": "#1"}
			}
		},
		{
			"from": [0, 11, 11],
			"to": [3, 12, 12],
			"rotation": {"angle": 0, "axis": "y", "origin": [1.5, 8.25, 8]},
			"faces": {
				"north": {"uv": [4, 0, 7, 1], "texture": "#1"},
				"east": {"uv": [4, 4, 5, 5], "texture": "#2"},
				"west": {"uv": [11, 4, 12, 5], "texture": "#top", "cullface": "west"},
				"down": {"uv": [4, 1, 7, 2], "rotation": 180, "texture": "#1"}
			}
		},
		{
			"from": [0, 11, 4],
			"to": [3, 12, 5],
			"rotation": {"angle": 0, "axis": "y", "origin": [1.5, 8.25, 8]},
			"faces": {
				"east": {"uv": [11, 4, 12, 5], "texture": "#2"},
				"south": {"uv": [4, 1, 7, 2], "texture": "#1"},
				"west": {"uv": [4, 4, 5, 5], "texture": "#top", "cullface": "west"},
				"down": {"uv": [4, 0, 7, 1], "rotation": 180, "texture": "#1"}
			}
		},
		{
			"from": [0, 8, 6],
			"to": [3, 12, 7],
			"rotation": {"angle": 0, "axis": "y", "origin": [1.5, 8.25, 8]},
			"faces": {
				"north": {"uv": [4, 0, 7, 4], "texture": "#1"},
				"east": {"uv": [9, 4, 10, 8], "texture": "#2"},
				"south": {"uv": [4, 0, 7, 4], "texture": "#1"},
				"west": {"uv": [6, 4, 7, 8], "texture": "#top", "cullface": "west"}
			}
		},
		{
			"from": [0, 8, 9],
			"to": [3, 12, 10],
			"rotation": {"angle": 0, "axis": "y", "origin": [1.5, 8.25, 8]},
			"faces": {
				"north": {"uv": [4, 12, 7, 16], "texture": "#1"},
				"east": {"uv": [6, 4, 7, 8], "texture": "#2"},
				"south": {"uv": [4, 12, 7, 16], "texture": "#1"},
				"west": {"uv": [9, 4, 10, 8], "texture": "#top", "cullface": "west"}
			}
		},
		{
			"from": [0, 6, 4],
			"to": [3, 8, 12],
			"rotation": {"angle": 0, "axis": "y", "origin": [1.5, 8.25, 8]},
			"faces": {
				"east": {"uv": [4, 8, 12, 10], "texture": "#2"},
				"west": {"uv": [4, 8, 12, 10], "texture": "#top", "cullface": "west"},
				"up": {"uv": [4, 4, 7, 12], "rotation": 180, "texture": "#1"},
				"down": {"uv": [4, 4, 7, 12], "rotation": 180, "texture": "#1"}
			}
		},
		{
			"from": [0, 4, 10],
			"to": [3, 6, 12],
			"rotation": {"angle": 0, "axis": "y", "origin": [1.5, 8.25, 8]},
			"faces": {
				"north": {"uv": [4, 13, 7, 15], "texture": "#1"},
				"east": {"uv": [4, 10, 6, 12], "texture": "#2"},
				"west": {"uv": [10, 10, 12, 12], "texture": "#top", "cullface": "west"}
			}
		},
		{
			"from": [0, 4, 4],
			"to": [3, 6, 6],
			"rotation": {"angle": 0, "axis": "y", "origin": [1.5, 8.25, 8]},
			"faces": {
				"east": {"uv": [10, 10, 12, 12], "texture": "#2"},
				"south": {"uv": [4, 3, 7, 5], "texture": "#1"},
				"west": {"uv": [4, 10, 6, 12], "texture": "#top", "cullface": "west"}
			}
		},
		{
			"from": [0, 4, 6],
			"to": [3, 5, 7],
			"rotation": {"angle": 0, "axis": "y", "origin": [1.5, 8.25, 8]},
			"faces": {
				"east": {"uv": [9, 11, 10, 12], "texture": "#2"},
				"south": {"uv": [4, 14, 7, 15], "texture": "#1"},
				"west": {"uv": [6, 11, 7, 12], "texture": "#top", "cullface": "west"},
				"up": {"uv": [4, 13, 7, 14], "rotation": 180, "texture": "#1"}
			}
		},
		{
			"from": [0, 4, 9],
			"to": [3, 5, 10],
			"rotation": {"angle": 0, "axis": "y", "origin": [1.5, 8.25, 8]},
			"faces": {
				"north": {"uv": [4, 2, 7, 3], "texture": "#1"},
				"east": {"uv": [6, 11, 7, 12], "texture": "#2"},
				"west": {"uv": [9, 11, 10, 12], "texture": "#top", "cullface": "west"},
				"up": {"uv": [4, 1, 7, 2], "rotation": 180, "texture": "#1"}
			}
		},
		{
			"from": [3, 1, 11],
			"to": [3.3, 2, 14],
			"faces": {
				"north": {"uv": [5, 14, 4, 15], "rotation": 90, "texture": "#2"},
				"east": {"uv": [2, 14, 5, 15], "texture": "#2"},
				"south": {"uv": [3, 14, 2, 15], "rotation": 90, "texture": "#2"},
				"up": {"uv": [5, 14, 2, 15], "rotation": 90, "texture": "#2"},
				"down": {"uv": [2, 14, 5, 15], "rotation": 90, "texture": "#2"}
			}
		},
		{
			"from": [3, 0, 11],
			"to": [3.3, 1, 12],
			"faces": {
				"north": {"uv": [5, 15, 4, 16], "rotation": 90, "texture": "#2"},
				"east": {"uv": [4, 15, 5, 16], "texture": "#2"},
				"south": {"uv": [5, 15, 4, 16], "rotation": 90, "texture": "#2"},
				"down": {"uv": [4, 15, 5, 16], "rotation": 90, "texture": "#2"}
			}
		},
		{
			"from": [-0.3, 1, 11],
			"to": [0, 2, 14],
			"rotation": {"angle": 0, "axis": "y", "origin": [-2.85, 1, 12]},
			"faces": {
				"north": {"uv": [12, 14, 11, 15], "rotation": 90, "texture": "#top", "cullface": "west"},
				"south": {"uv": [14, 14, 13, 15], "rotation": 90, "texture": "#top", "cullface": "west"},
				"west": {"uv": [11, 14, 14, 15], "texture": "#top", "cullface": "west"},
				"up": {"uv": [14, 14, 11, 15], "rotation": 270, "texture": "#top", "cullface": "west"},
				"down": {"uv": [11, 14, 14, 15], "rotation": 270, "texture": "#top", "cullface": "west"}
			}
		},
		{
			"from": [-0.3, 0, 11],
			"to": [0, 1, 12],
			"rotation": {"angle": 0, "axis": "y", "origin": [-2.85, 1, 12]},
			"faces": {
				"north": {"uv": [12, 15, 11, 16], "rotation": 90, "texture": "#top", "cullface": "west"},
				"south": {"uv": [12, 15, 11, 16], "rotation": 90, "texture": "#top", "cullface": "west"},
				"west": {"uv": [11, 15, 12, 16], "texture": "#top", "cullface": "west"},
				"down": {"uv": [11, 15, 12, 16], "rotation": 270, "texture": "#top", "cullface": "west"}
			}
		}
	],
	"groups": [
		{
			"name": "Jungle Door",
			"origin": [0, 0, 0],
			"color": 0,
			"children": [0, 1, 2, 3, 4, 5, 6, 7, 8, 9, 10, 11, 12, 13, 14, 15, 16, 17, 18]
		}
	]
}