{
	"credit": "Stardust did something here",
	"ambientocclusion": false,
	"textures": {
		"1": "block/warped_door_sides",
		"2": "block/warped_door_bottom_right",
		"particle": "block/warped_door_bottom",
		"bottom": "block/warped_door_bottom"
	},
	"elements": [
		{
			"name": "Right",
			"from": [0, 0, 12],
			"to": [3, 16, 16],
			"rotation": {"angle": 0, "axis": "y", "origin": [1.5, 9, 8]},
			"faces": {
				"north": {"uv": [4, 0, 7, 16], "texture": "#1"},
				"east": {"uv": [0, 0, 4, 16], "texture": "#bottom"},
				"south": {"uv": [13, 0, 16, 16], "texture": "#1", "cullface": "south"},
				"west": {"uv": [12, 0, 16, 16], "texture": "#2", "cullface": "west"},
				"down": {"uv": [9, 0, 12, 4], "rotation": 180, "texture": "#1", "cullface": "down"}
			}
		},
		{
			"name": "Left",
			"from": [0, 0, 0],
			"to": [3, 16, 4],
			"rotation": {"angle": 0, "axis": "y", "origin": [1.5, 9, 8]},
			"faces": {
				"north": {"uv": [4, 0, 7, 16], "texture": "#1", "cullface": "north"},
				"east": {"uv": [12, 0, 16, 16], "texture": "#bottom"},
				"south": {"uv": [4, 0, 7, 16], "texture": "#1"},
				"west": {"uv": [0, 0, 4, 16], "texture": "#2", "cullface": "west"},
				"down": {"uv": [9, 12, 12, 16], "rotation": 180, "texture": "#1", "cullface": "down"}
			}
		},
		{
			"name": "Middle",
			"from": [0, 0, 5],
			"to": [3, 16, 11],
			"rotation": {"angle": 0, "axis": "y", "origin": [1.5, 9, 8]},
			"faces": {
				"north": {"uv": [9, 0, 12, 16], "texture": "#1"},
				"east": {"uv": [5, 0, 11, 16], "texture": "#bottom"},
				"south": {"uv": [9, 0, 12, 16], "texture": "#1"},
				"west": {"uv": [5, 0, 11, 16], "texture": "#2", "cullface": "west"},
				"down": {"uv": [9, 5, 12, 11], "rotation": 180, "texture": "#1", "cullface": "down"}
			}
		},
		{
			"name": "Middle",
			"from": [1, 0, 4],
			"to": [2, 16, 5],
			"rotation": {"angle": 0, "axis": "y", "origin": [1.5, 9, 8]},
			"faces": {
				"east": {"uv": [11, 0, 12, 16], "texture": "#2"},
				"west": {"uv": [4, 0, 5, 16], "texture": "#bottom"},
				"down": {"uv": [10, 11, 11, 12], "rotation": 180, "texture": "#1", "cullface": "down"}
			}
		},
		{
			"name": "Middle",
			"from": [1, 0, 11],
			"to": [2, 16, 12],
			"rotation": {"angle": 0, "axis": "y", "origin": [1.5, 9, 8]},
			"faces": {
				"east": {"uv": [4, 0, 5, 16], "texture": "#bottom"},
				"west": {"uv": [11, 0, 12, 16], "texture": "#2"},
				"down": {"uv": [10, 4, 11, 5], "rotation": 180, "texture": "#1", "cullface": "down"}
			}
		},
		{
			"name": "Vine",
			"from": [2, 6, 11],
			"to": [3, 8, 12],
			"rotation": {"angle": 0, "axis": "y", "origin": [1.5, 9, 8]},
			"faces": {
				"east": {"uv": [4, 8, 5, 10], "texture": "#bottom"},
				"up": {"uv": [4, 8, 5, 9], "rotation": 180, "texture": "#bottom"},
				"down": {"uv": [4, 9, 5, 10], "rotation": 180, "texture": "#bottom"}
			}
		},
		{
			"name": "Vine",
			"from": [0, 6, 4],
			"to": [1, 8, 5],
			"rotation": {"angle": 0, "axis": "y", "origin": [1.5, 9, 8]},
			"faces": {
				"west": {"uv": [4, 8, 5, 10], "texture": "#2", "cullface": "west"},
				"up": {"uv": [4, 8, 5, 9], "texture": "#bottom"},
				"down": {"uv": [4, 9, 5, 10], "texture": "#bottom"}
			}
		},
		{
			"name": "Vine",
			"from": [3, 15, 2],
			"to": [3.3, 16, 5],
			"rotation": {"angle": 0, "axis": "y", "origin": [1.5, 9, 8]},
			"faces": {
				"north": {"uv": [12, 0, 13, 1], "texture": "#bottom"},
				"east": {"uv": [12, 0, 13, 1], "texture": "#bottom"},
				"south": {"uv": [12, 0, 13, 1], "texture": "#bottom"},
				"west": {"uv": [11, 0, 14, 1], "texture": "#bottom"},
				"up": {"uv": [12, 0, 13, 1], "rotation": 180, "texture": "#bottom"},
				"down": {"uv": [12, 0, 13, 1], "texture": "#bottom"}
			}
		},
		{
			"name": "Vine",
			"from": [-0.3, 15, 2],
			"to": [0, 16, 5],
			"rotation": {"angle": 0, "axis": "y", "origin": [1.5, 9, 8]},
			"faces": {
				"north": {"uv": [12, 0, 13, 1], "texture": "#bottom", "cullface": "west"},
				"east": {"uv": [12, 0, 13, 1], "texture": "#bottom", "cullface": "west"},
				"south": {"uv": [12, 0, 13, 1], "texture": "#bottom", "cullface": "west"},
				"west": {"uv": [11, 0, 14, 1], "texture": "#bottom", "cullface": "west"},
				"up": {"uv": [12, 0, 13, 1], "rotation": 180, "texture": "#bottom", "cullface": "west"},
				"down": {"uv": [12, 0, 13, 1], "texture": "#bottom", "cullface": "west"}
			}
		},
		{
			"name": "Vine",
			"from": [2, 9, 4],
			"to": [3, 10, 5],
			"rotation": {"angle": 0, "axis": "y", "origin": [1.5, 9, 8]},
			"faces": {
				"east": {"uv": [11, 6, 12, 7], "texture": "#bottom"},
				"up": {"uv": [11, 6, 12, 7], "rotation": 180, "texture": "#bottom"},
				"down": {"uv": [11, 6, 12, 7], "rotation": 180, "texture": "#bottom"}
			}
		},
		{
			"name": "Vine",
			"from": [2, 2, 4],
			"to": [3, 3, 5],
			"rotation": {"angle": 0, "axis": "y", "origin": [1.5, 9, 8]},
			"faces": {
				"east": {"uv": [11, 13, 12, 14], "texture": "#bottom"},
				"up": {"uv": [11, 13, 12, 14], "rotation": 180, "texture": "#bottom"},
				"down": {"uv": [11, 13, 12, 14], "rotation": 180, "texture": "#bottom"}
			}
		},
		{
			"name": "Vine",
			"from": [2, 14, 11],
			"to": [3, 15, 12],
			"rotation": {"angle": 0, "axis": "y", "origin": [1.5, 9, 8]},
			"faces": {
				"east": {"uv": [4, 1, 5, 2], "texture": "#bottom"},
				"up": {"uv": [4, 1, 5, 2], "rotation": 180, "texture": "#bottom"},
				"down": {"uv": [4, 1, 5, 2], "rotation": 180, "texture": "#bottom"}
			}
		},
		{
			"name": "Vine",
			"from": [0, 9, 11],
			"to": [1, 10, 12],
			"rotation": {"angle": 0, "axis": "y", "origin": [1.5, 9, 8]},
			"faces": {
				"west": {"uv": [11, 6, 12, 7], "texture": "#2", "cullface": "west"},
				"up": {"uv": [11, 6, 12, 7], "texture": "#bottom"},
				"down": {"uv": [11, 6, 12, 7], "texture": "#bottom"}
			}
		},
		{
			"name": "Vine",
			"from": [0, 2, 11],
			"to": [1, 3, 12],
			"rotation": {"angle": 0, "axis": "y", "origin": [1.5, 9, 8]},
			"faces": {
				"west": {"uv": [11, 13, 12, 14], "texture": "#2", "cullface": "west"},
				"up": {"uv": [11, 13, 12, 14], "texture": "#bottom"},
				"down": {"uv": [11, 13, 12, 14], "texture": "#bottom"}
			}
		},
		{
			"name": "Vine",
			"from": [0, 14, 4],
			"to": [1, 15, 5],
			"rotation": {"angle": 0, "axis": "y", "origin": [1.5, 9, 8]},
			"faces": {
				"west": {"uv": [4, 1, 5, 2], "texture": "#bottom"},
				"up": {"uv": [4, 1, 5, 2], "texture": "#2"},
				"down": {"uv": [4, 1, 5, 2], "texture": "#bottom"}
			}
		}
	],
	"groups": [
		{
			"name": "Warped Door",
			"origin": [5.5, 9.5, 4.5],
			"color": 0,
			"children": [
				0,
				1,
				2,
				3,
				4,
				{
					"name": "Vines",
					"origin": [2.5, 2.5, 4.5],
					"color": 0,
					"children": [5, 6, 7, 8, 9, 10, 11, 12, 13, 14]
				}
			]
		}
	]
}