{
	"credit": "Stardust did something here",
	"ambientocclusion": false,
	"textures": {
		"1": "block/warped_door_sides",
		"4": "block/warped_door_top_right",
		"particle": "block/warped_door_top",
		"1_top": "block/warped_door_top"
	},
	"elements": [
		{
			"name": "Right",
			"from": [0, 0, 12],
			"to": [3, 16, 16],
			"rotation": {"angle": 0, "axis": "y", "origin": [1.5, 6.25, 7.75]},
			"faces": {
				"north": {"uv": [9, 0, 12, 16], "texture": "#1"},
				"east": {"uv": [0, 0, 4, 16], "texture": "#1_top"},
				"south": {"uv": [0, 0, 3, 16], "texture": "#1", "cullface": "south"},
				"west": {"uv": [12, 0, 16, 16], "texture": "#4", "cullface": "west"},
				"up": {"uv": [4, 0, 7, 4], "rotation": 180, "texture": "#1", "cullface": "up"}
			}
		},
		{
			"name": "Left",
			"from": [0, 0, 0],
			"to": [3, 16, 4],
			"rotation": {"angle": 0, "axis": "y", "origin": [1.5, 6.25, 7.75]},
			"faces": {
				"north": {"uv": [4, 0, 7, 16], "texture": "#1", "cullface": "north"},
				"east": {"uv": [12, 0, 16, 16], "texture": "#1_top"},
				"south": {"uv": [9, 0, 12, 16], "texture": "#1"},
				"west": {"uv": [0, 0, 4, 16], "texture": "#4", "cullface": "west"},
				"up": {"uv": [4, 12, 7, 16], "rotation": 180, "texture": "#1", "cullface": "up"}
			}
		},
		{
			"name": "Middle",
			"from": [0, 0, 5],
			"to": [3, 16, 11],
			"rotation": {"angle": 0, "axis": "y", "origin": [1.5, 6.25, 7.75]},
			"faces": {
				"north": {"uv": [4, 0, 7, 16], "texture": "#1"},
				"east": {"uv": [5, 0, 11, 16], "texture": "#1_top"},
				"south": {"uv": [4, 0, 7, 16], "texture": "#1"},
				"west": {"uv": [5, 0, 11, 16], "texture": "#4", "cullface": "west"},
				"up": {"uv": [4, 5, 7, 11], "rotation": 180, "texture": "#1", "cullface": "up"}
			}
		},
		{
			"name": "Middle",
			"from": [1, 0, 4],
			"to": [2, 16, 5],
			"rotation": {"angle": 0, "axis": "y", "origin": [1.5, 6.25, 7.75]},
			"faces": {
				"east": {"uv": [11, 0, 12, 16], "texture": "#4"},
				"west": {"uv": [4, 0, 5, 16], "texture": "#1_top"},
				"up": {"uv": [5, 11, 6, 12], "rotation": 180, "texture": "#1", "cullface": "up"}
			}
		},
		{
			"name": "Middle",
			"from": [1, 0, 11],
			"to": [2, 16, 12],
			"rotation": {"angle": 0, "axis": "y", "origin": [1.5, 6.25, 7.75]},
			"faces": {
				"east": {"uv": [4, 0, 5, 16], "texture": "#1_top"},
				"west": {"uv": [11, 0, 12, 16], "texture": "#4"},
				"up": {"uv": [5, 4, 6, 5], "rotation": 180, "texture": "#1", "cullface": "up"}
			}
		},
		{
			"name": "Vine",
			"from": [0, 10, 4],
			"to": [1, 13, 5],
			"rotation": {"angle": 0, "axis": "y", "origin": [1.5, 6.25, 7.75]},
			"faces": {
				"west": {"uv": [4, 3, 5, 6], "texture": "#4", "cullface": "west"},
				"up": {"uv": [4, 3, 5, 4], "texture": "#4"},
				"down": {"uv": [4, 5, 5, 6], "texture": "#4"}
			}
		},
		{
			"name": "Vine",
			"from": [2, 4, 4],
			"to": [3, 5, 5],
			"rotation": {"angle": 0, "axis": "y", "origin": [1.5, 6.25, 7.75]},
			"faces": {
				"east": {"uv": [11, 11, 12, 12], "texture": "#1_top"},
				"up": {"uv": [11, 11, 12, 12], "rotation": 180, "texture": "#1_top"},
				"down": {"uv": [11, 11, 12, 12], "rotation": 180, "texture": "#1_top"}
			}
		},
		{
			"name": "Vine",
			"from": [2, 10, 11],
			"to": [3, 13, 12],
			"rotation": {"angle": 0, "axis": "y", "origin": [1.5, 6.25, 7.75]},
			"faces": {
				"east": {"uv": [4, 3, 5, 6], "texture": "#1_top"},
				"up": {"uv": [4, 3, 5, 4], "rotation": 180, "texture": "#1_top"},
				"down": {"uv": [4, 5, 5, 6], "rotation": 180, "texture": "#1_top"}
			}
		},
		{
			"name": "Vine",
			"from": [0, 4, 11],
			"to": [1, 5, 12],
			"rotation": {"angle": 0, "axis": "y", "origin": [1.5, 6.25, 7.75]},
			"faces": {
				"west": {"uv": [11, 11, 12, 12], "texture": "#4", "cullface": "west"},
				"up": {"uv": [11, 11, 12, 12], "rotation": 180, "texture": "#4"},
				"down": {"uv": [11, 11, 12, 12], "rotation": 180, "texture": "#4"}
			}
		},
		{
			"name": "Handle",
			"from": [-0.3, 0, 5],
			"to": [0, 2, 6],
			"rotation": {"angle": 0, "axis": "y", "origin": [1.5, 6.25, 7.75]},
			"faces": {
				"north": {"uv": [1, 14, 2, 16], "texture": "#4"},
				"south": {"uv": [5, 14, 6, 16], "texture": "#4"},
				"west": {"uv": [1, 14, 2, 16], "texture": "#4", "cullface": "west"},
				"up": {"uv": [1, 14, 2, 15], "rotation": 180, "texture": "#4"},
				"down": {"uv": [1, 15, 2, 16], "rotation": 180, "texture": "#4"}
			}
		},
		{
			"name": "Handle",
			"from": [3, 0, 5],
			"to": [3.3, 2, 6],
			"rotation": {"angle": 0, "axis": "y", "origin": [1.5, 6.25, 7.75]},
			"faces": {
				"north": {"uv": [5, 14, 6, 16], "texture": "#4"},
				"east": {"uv": [1, 14, 2, 16], "texture": "#4"},
				"south": {"uv": [1, 14, 2, 16], "texture": "#4"},
				"up": {"uv": [1, 14, 2, 15], "texture": "#4"},
				"down": {"uv": [1, 15, 2, 16], "texture": "#4"}
			}
		},
		{
			"name": "Handle",
			"from": [-0.3, 0, 1],
			"to": [3.3, 2, 2],
			"rotation": {"angle": 0, "axis": "y", "origin": [1.5, 6.25, 7.75]},
			"faces": {
				"north": {"uv": [5, 14, 6, 16], "texture": "#4"},
				"east": {"uv": [1, 14, 2, 16], "texture": "#4"},
				"south": {"uv": [1, 14, 2, 16], "texture": "#4"},
				"west": {"uv": [1, 14, 2, 16], "texture": "#4", "cullface": "west"},
				"up": {"uv": [1, 14, 2, 15], "texture": "#4"},
				"down": {"uv": [1, 15, 2, 16], "texture": "#4"}
			}
		}
	],
	"groups": [
		{
			"name": "Warped Door",
			"origin": [5.5, 9.5, 4.5],
			"color": 0,
			"children": [
				0,
				1,
				2,
				3,
				4,
				{
					"name": "Vines",
					"origin": [2.5, 2.5, 4.5],
					"color": 0,
					"children": [5, 6, 7, 8]
				},
				9,
				10,
				11
			]
		}
	]
}