{
	"credit": "Stardust did something here",
	"parent": "block/thin_block",
	"textures": {
		"2": "block/spruce_door_inside",
		"3": "block/spruce_door_sides",
		"particle": "block/spruce_trapdoor",
		"texture": "block/spruce_trapdoor"
	},
	"elements": [
		{
			"from": [13, 0, 0],
			"to": [16, 3, 16],
			"faces": {
				"north": {"uv": [13, 0, 16, 3], "texture": "#texture", "cullface": "north"},
				"east": {"uv": [13, 0, 16, 16], "rotation": 90, "texture": "#3", "cullface": "east"},
				"south": {"uv": [13, 13, 16, 16], "texture": "#texture", "cullface": "south"},
				"west": {"uv": [13, 0, 16, 16], "rotation": 90, "texture": "#texture"},
				"up": {"uv": [13, 0, 16, 16], "texture": "#texture"},
				"down": {"uv": [13, 0, 16, 16], "texture": "#texture"}
			}
		},
		{
			"from": [10, 0, 0],
			"to": [12, 3, 16],
			"rotation": {"angle": 0, "axis": "y", "origin": [-4, 0, 0]},
			"faces": {
				"north": {"uv": [10, 0, 12, 3], "texture": "#texture", "cullface": "north"},
				"east": {"uv": [0, 0, 3, 16], "rotation": 90, "texture": "#texture"},
				"south": {"uv": [10, 13, 12, 16], "texture": "#texture", "cullface": "south"},
				"west": {"uv": [13, 0, 16, 16], "rotation": 90, "texture": "#texture"},
				"up": {"uv": [10, 0, 12, 16], "texture": "#texture"},
				"down": {"uv": [10, 0, 12, 16], "texture": "#texture"}
			}
		},
		{
			"from": [7, 0, 0],
			"to": [9, 3, 16],
			"rotation": {"angle": 0, "axis": "y", "origin": [-7, 0, 0]},
			"faces": {
				"north": {"uv": [7, 0, 9, 3], "texture": "#texture", "cullface": "north"},
				"east": {"uv": [13, 0, 16, 16], "rotation": 90, "texture": "#texture"},
				"south": {"uv": [7, 13, 9, 16], "texture": "#texture", "cullface": "south"},
				"west": {"uv": [0, 0, 3, 16], "rotation": 90, "texture": "#texture"},
				"up": {"uv": [7, 0, 9, 16], "texture": "#texture"},
				"down": {"uv": [7, 0, 9, 16], "texture": "#texture"}
			}
		},
		{
			"from": [4, 0, 0],
			"to": [6, 3, 16],
			"rotation": {"angle": 0, "axis": "y", "origin": [-10, 0, 0]},
			"faces": {
				"north": {"uv": [4, 0, 6, 3], "texture": "#texture", "cullface": "north"},
				"east": {"uv": [0, 0, 3, 16], "rotation": 90, "texture": "#texture"},
				"south": {"uv": [4, 13, 6, 16], "texture": "#texture", "cullface": "south"},
				"west": {"uv": [13, 0, 16, 16], "rotation": 90, "texture": "#texture"},
				"up": {"uv": [4, 0, 6, 16], "texture": "#texture"},
				"down": {"uv": [4, 0, 6, 16], "texture": "#texture"}
			}
		},
		{
			"from": [0, 0, 0],
			"to": [3, 3, 16],
			"rotation": {"angle": 0, "axis": "y", "origin": [-13, 0, 0]},
			"faces": {
				"north": {"uv": [0, 0, 3, 3], "texture": "#texture", "cullface": "north"},
				"east": {"uv": [13, 0, 16, 16], "rotation": 90, "texture": "#texture"},
				"south": {"uv": [0, 13, 3, 16], "texture": "#texture", "cullface": "south"},
				"west": {"uv": [13, 0, 16, 16], "rotation": 90, "texture": "#3", "cullface": "west"},
				"up": {"uv": [0, 0, 3, 16], "texture": "#texture"},
				"down": {"uv": [0, 0, 3, 16], "texture": "#texture"}
			}
		},
		{
			"from": [12, 0.5, 0],
			"to": [13, 2.5, 16],
			"rotation": {"angle": 0, "axis": "y", "origin": [-10, 0.6, 0]},
			"faces": {
				"north": {"uv": [12, 15, 13, 16], "texture": "#2", "cullface": "north"},
				"south": {"uv": [12, 0, 13, 1], "texture": "#2", "cullface": "south"},
				"up": {"uv": [12, 0, 13, 16], "texture": "#2"},
				"down": {"uv": [12, 0, 13, 16], "texture": "#2"}
			}
		},
		{
			"from": [9, 0.5, 0],
			"to": [10, 2.5, 16],
			"rotation": {"angle": 0, "axis": "y", "origin": [-13, 0.6, 0]},
			"faces": {
				"north": {"uv": [9, 15, 10, 16], "texture": "#2", "cullface": "north"},
				"south": {"uv": [9, 0, 10, 1], "texture": "#2", "cullface": "south"},
				"up": {"uv": [9, 0, 10, 16], "texture": "#2"},
				"down": {"uv": [9, 0, 10, 16], "texture": "#2"}
			}
		},
		{
			"from": [6, 0.5, 0],
			"to": [7, 2.5, 16],
			"rotation": {"angle": 0, "axis": "y", "origin": [-16, 0.6, 0]},
			"faces": {
				"north": {"uv": [6, 15, 7, 16], "texture": "#2", "cullface": "north"},
				"south": {"uv": [6, 0, 7, 1], "texture": "#2", "cullface": "south"},
				"up": {"uv": [6, 0, 7, 16], "texture": "#2"},
				"down": {"uv": [6, 0, 7, 16], "texture": "#2"}
			}
		},
		{
			"from": [3, 0.5, 0],
			"to": [4, 2.5, 16],
			"rotation": {"angle": 0, "axis": "y", "origin": [-19, 0.6, 0]},
			"faces": {
				"north": {"uv": [3, 15, 4, 16], "texture": "#2", "cullface": "north"},
				"south": {"uv": [3, 0, 4, 1], "texture": "#2", "cullface": "south"},
				"up": {"uv": [3, 0, 4, 16], "texture": "#2"},
				"down": {"uv": [3, 0, 4, 16], "texture": "#2"}
			}
		},
		{
			"from": [3, 2, 3],
			"to": [13, 3, 4],
			"faces": {
				"north": {"uv": [13, 3, 3, 4], "texture": "#texture"},
				"south": {"uv": [3, 3, 13, 4], "texture": "#texture"},
				"up": {"uv": [3, 3, 13, 4], "texture": "#texture"}
			}
		},
		{
			"from": [3, 2, 12],
			"to": [13, 3, 13],
			"faces": {
				"north": {"uv": [13, 12, 3, 13], "texture": "#texture"},
				"south": {"uv": [3, 12, 13, 13], "texture": "#texture"},
				"up": {"uv": [3, 12, 13, 13], "texture": "#texture"}
			}
		},
		{
			"from": [3, 0, 3],
			"to": [13, 1, 4],
			"rotation": {"angle": 0, "axis": "z", "origin": [8, 2.8, 8]},
			"faces": {
				"north": {"uv": [3, 12, 13, 13], "rotation": 180, "texture": "#texture"},
				"south": {"uv": [13, 12, 3, 13], "rotation": 180, "texture": "#texture"},
				"down": {"uv": [13, 12, 3, 13], "rotation": 180, "texture": "#texture"}
			}
		},
		{
			"from": [3, 0, 12],
			"to": [13, 1, 13],
			"rotation": {"angle": 0, "axis": "z", "origin": [8, 2.8, 8]},
			"faces": {
				"north": {"uv": [3, 4, 13, 3], "rotation": 180, "texture": "#texture"},
				"south": {"uv": [13, 4, 3, 3], "rotation": 180, "texture": "#texture"},
				"down": {"uv": [13, 4, 3, 3], "rotation": 180, "texture": "#texture"}
			}
		}
	],
	"groups": [
		{
			"name": "Spruce Trapdoor",
			"origin": [-10, 6.6, 0],
			"color": 0,
			"children": [0, 1, 2, 3, 4, 5, 6, 7, 8, 9, 10, 11, 12]
		}
	]
}