{
  "variants": {
    "": [
      {"model": "block/crimson_fungus/crimson_fungus", "weight": 9},
      {"model": "block/crimson_fungus/crimson_fungus", "weight": 9,       "y": 90},
      {"model": "block/crimson_fungus/crimson_fungus", "weight": 9,       "y": 180},
      {"model": "block/crimson_fungus/crimson_fungus", "weight": 9,       "y": 270},

      {"model": "block/crimson_fungus/crimson_fungus_2", "weight": 9},
      {"model": "block/crimson_fungus/crimson_fungus_2", "weight": 9,       "y": 90},
      {"model": "block/crimson_fungus/crimson_fungus_2", "weight": 9,       "y": 180},
      {"model": "block/crimson_fungus/crimson_fungus_2", "weight": 9,       "y": 270},

      {"model": "block/crimson_fungus/crimson_fungus_3", "weight": 9},
      {"model": "block/crimson_fungus/crimson_fungus_3", "weight": 9,       "y": 90},
      {"model": "block/crimson_fungus/crimson_fungus_3", "weight": 9,       "y": 180},
      {"model": "block/crimson_fungus/crimson_fungus_3", "weight": 9,       "y": 270},
      
      {"model": "block/crimson_fungus/crimson_fungus_4", "weight": 8},
      {"model": "block/crimson_fungus/crimson_fungus_4", "weight": 8,       "y": 90},
      {"model": "block/crimson_fungus/crimson_fungus_4", "weight": 8,       "y": 180},
      {"model": "block/crimson_fungus/crimson_fungus_4", "weight": 8,       "y": 270},

      {"model": "block/crimson_fungus/crimson_fungus_5", "weight": 7},
      {"model": "block/crimson_fungus/crimson_fungus_5", "weight": 7,       "y": 90},
      {"model": "block/crimson_fungus/crimson_fungus_5", "weight": 7,       "y": 180},
      {"model": "block/crimson_fungus/crimson_fungus_5", "weight": 7,       "y": 270},
      
      {"model": "block/crimson_fungus/crimson_fungus_6", "weight": 6},
      {"model": "block/crimson_fungus/crimson_fungus_6", "weight": 6,       "y": 90},
      {"model": "block/crimson_fungus/crimson_fungus_6", "weight": 6,       "y": 180},
      {"model": "block/crimson_fungus/crimson_fungus_6", "weight": 6,       "y": 270},

      {"model": "block/crimson_fungus/crimson_fungus_7", "weight": 8},
      {"model": "block/crimson_fungus/crimson_fungus_7", "weight": 8,       "y": 90},
      {"model": "block/crimson_fungus/crimson_fungus_7", "weight": 8,       "y": 180},
      {"model": "block/crimson_fungus/crimson_fungus_7", "weight": 8,       "y": 270},

      {"model": "block/crimson_fungus/crimson_fungus_8", "weight": 4},
      {"model": "block/crimson_fungus/crimson_fungus_8", "weight": 4,       "y": 90},
      {"model": "block/crimson_fungus/crimson_fungus_8", "weight": 4,       "y": 180},
      {"model": "block/crimson_fungus/crimson_fungus_8", "weight": 4,       "y": 270},

      {"model": "block/crimson_fungus/crimson_fungus_9", "weight": 3},
      {"model": "block/crimson_fungus/crimson_fungus_9", "weight": 3,       "y": 90},
      {"model": "block/crimson_fungus/crimson_fungus_9", "weight": 3,       "y": 180},
      {"model": "block/crimson_fungus/crimson_fungus_9", "weight": 3,       "y": 270}
        ]
  }
}