{
  "variants": {
    "": [
      {"model": "block/warped_fungus/warped_fungus", "weight": 9},
      {"model": "block/warped_fungus/warped_fungus", "weight": 9,       "y": 90},
      {"model": "block/warped_fungus/warped_fungus", "weight": 9,       "y": 180},
      {"model": "block/warped_fungus/warped_fungus", "weight": 9,       "y": 270},

      {"model": "block/warped_fungus/warped_fungus_2", "weight": 8},
      {"model": "block/warped_fungus/warped_fungus_2", "weight": 8,       "y": 90},
      {"model": "block/warped_fungus/warped_fungus_2", "weight": 8,       "y": 180},
      {"model": "block/warped_fungus/warped_fungus_2", "weight": 8,       "y": 270},
      
      {"model": "block/warped_fungus/warped_fungus_3", "weight": 4},
      {"model": "block/warped_fungus/warped_fungus_3", "weight": 4,       "y": 90},
      {"model": "block/warped_fungus/warped_fungus_3", "weight": 4,       "y": 180},
      {"model": "block/warped_fungus/warped_fungus_3", "weight": 4,       "y": 270},

      {"model": "block/warped_fungus/warped_fungus_4", "weight": 5},
      {"model": "block/warped_fungus/warped_fungus_4", "weight": 5,       "y": 90},
      {"model": "block/warped_fungus/warped_fungus_4", "weight": 5,       "y": 180},
      {"model": "block/warped_fungus/warped_fungus_4", "weight": 5,       "y": 270},

      {"model": "block/warped_fungus/warped_fungus_5", "weight": 6},
      {"model": "block/warped_fungus/warped_fungus_5", "weight": 6,       "y": 90},
      {"model": "block/warped_fungus/warped_fungus_5", "weight": 6,       "y": 180},
      {"model": "block/warped_fungus/warped_fungus_5", "weight": 6,       "y": 270},

      {"model": "block/warped_fungus/warped_fungus_6", "weight": 6},
      {"model": "block/warped_fungus/warped_fungus_6", "weight": 6,       "y": 90},
      {"model": "block/warped_fungus/warped_fungus_6", "weight": 6,       "y": 180},
      {"model": "block/warped_fungus/warped_fungus_6", "weight": 6,       "y": 270},
      
      {"model": "block/warped_fungus/warped_fungus_7", "weight": 5},
      {"model": "block/warped_fungus/warped_fungus_7", "weight": 5,       "y": 90},
      {"model": "block/warped_fungus/warped_fungus_7", "weight": 5,       "y": 180},
      {"model": "block/warped_fungus/warped_fungus_7", "weight": 5,       "y": 270},

      {"model": "block/warped_fungus/warped_fungus_8", "weight": 5},
      {"model": "block/warped_fungus/warped_fungus_8", "weight": 5,       "y": 90},
      {"model": "block/warped_fungus/warped_fungus_8", "weight": 5,       "y": 180},
      {"model": "block/warped_fungus/warped_fungus_8", "weight": 5,       "y": 270},

      {"model": "block/warped_fungus/warped_fungus_9", "weight": 6},
      {"model": "block/warped_fungus/warped_fungus_9", "weight": 6,       "y": 90},
      {"model": "block/warped_fungus/warped_fungus_9", "weight": 6,       "y": 180},
      {"model": "block/warped_fungus/warped_fungus_9", "weight": 6,       "y": 270}
        ]
  }
}