{
	"credit": "Stardust did something here",
	"parent": "block/thin_block",
	"textures": {
		"1": "block/jungle_door_sides",
		"particle": "block/jungle_trapdoor",
		"texture": "block/jungle_trapdoor"
	},
	"elements": [
		{
			"from": [0, 12, 13],
			"to": [16, 16, 16],
			"rotation": {"angle": 0, "axis": "y", "origin": [8, 7.75, 14.5]},
			"faces": {
				"north": {"uv": [0, 16, 16, 12], "texture": "#texture"},
				"east": {"uv": [4, 12, 7, 16], "rotation": 180, "texture": "#1", "cullface": "east"},
				"south": {"uv": [0, 12, 16, 16], "rotation": 180, "texture": "#texture"},
				"west": {"uv": [4, 12, 7, 16], "rotation": 180, "texture": "#1", "cullface": "west"},
				"up": {"uv": [4, 0, 7, 16], "rotation": 90, "texture": "#1", "cullface": "up"},
				"down": {"uv": [9, 0, 12, 16], "rotation": 270, "texture": "#1"}
			}
		},
		{
			"from": [0, 0, 13],
			"to": [16, 3, 16],
			"rotation": {"angle": 0, "axis": "y", "origin": [8, 7.75, 14.5]},
			"faces": {
				"north": {"uv": [0, 3, 16, 0], "texture": "#texture"},
				"east": {"uv": [4, 0, 7, 3], "rotation": 180, "texture": "#1", "cullface": "east"},
				"south": {"uv": [0, 0, 16, 3], "rotation": 180, "texture": "#texture"},
				"west": {"uv": [4, 0, 7, 3], "rotation": 180, "texture": "#1", "cullface": "west"},
				"up": {"uv": [9, 0, 12, 16], "rotation": 90, "texture": "#1"},
				"down": {"uv": [4, 0, 7, 16], "rotation": 270, "texture": "#1", "cullface": "down"}
			}
		},
		{
			"from": [0, 3, 13],
			"to": [3, 12, 16],
			"rotation": {"angle": 0, "axis": "y", "origin": [8, 7.75, 14.5]},
			"faces": {
				"north": {"uv": [3, 3, 0, 12], "texture": "#texture"},
				"east": {"uv": [9, 1, 12, 10], "rotation": 180, "texture": "#1"},
				"south": {"uv": [13, 3, 16, 12], "rotation": 180, "texture": "#texture"},
				"west": {"uv": [4, 4, 7, 13], "texture": "#1", "cullface": "west"}
			}
		},
		{
			"from": [13, 3, 13],
			"to": [16, 12, 16],
			"rotation": {"angle": 0, "axis": "y", "origin": [8, 7.75, 14.5]},
			"faces": {
				"north": {"uv": [16, 3, 13, 12], "texture": "#texture"},
				"east": {"uv": [4, 3, 7, 12], "rotation": 180, "texture": "#1", "cullface": "east"},
				"south": {"uv": [0, 3, 3, 12], "rotation": 180, "texture": "#texture"},
				"west": {"uv": [9, 1, 12, 10], "texture": "#1"}
			}
		},
		{
			"from": [3, 7, 13],
			"to": [13, 9, 16],
			"rotation": {"angle": 0, "axis": "y", "origin": [8, 7.75, 14.5]},
			"faces": {
				"north": {"uv": [3, 9, 13, 7], "texture": "#texture"},
				"south": {"uv": [3, 7, 13, 9], "rotation": 180, "texture": "#texture"},
				"up": {"uv": [4, 4, 7, 14], "rotation": 90, "texture": "#1"},
				"down": {"uv": [9, 0, 12, 10], "rotation": 270, "texture": "#1"}
			}
		},
		{
			"from": [6, 3, 13],
			"to": [7, 12, 16],
			"rotation": {"angle": 0, "axis": "y", "origin": [8, 7.75, 14.5]},
			"faces": {
				"north": {"uv": [6, 12, 7, 3], "texture": "#texture"},
				"east": {"uv": [9, 1, 12, 10], "rotation": 180, "texture": "#1"},
				"south": {"uv": [9, 3, 10, 12], "rotation": 180, "texture": "#texture"},
				"west": {"uv": [4, 1, 7, 10], "texture": "#1"}
			}
		},
		{
			"from": [12, 3, 13],
			"to": [13, 5, 16],
			"rotation": {"angle": 0, "axis": "y", "origin": [8, 7.75, 14.5]},
			"faces": {
				"north": {"uv": [12, 5, 13, 3], "texture": "#texture"},
				"south": {"uv": [3, 3, 4, 5], "rotation": 180, "texture": "#texture"},
				"west": {"uv": [9, 2, 12, 4], "texture": "#1"},
				"up": {"uv": [9, 12, 12, 13], "rotation": 90, "texture": "#1"}
			}
		},
		{
			"from": [3, 3, 13],
			"to": [4, 5, 16],
			"rotation": {"angle": 0, "axis": "y", "origin": [8, 7.75, 14.5]},
			"faces": {
				"north": {"uv": [3, 5, 4, 3], "texture": "#texture"},
				"east": {"uv": [4, 11, 7, 13], "rotation": 180, "texture": "#1"},
				"south": {"uv": [12, 3, 13, 5], "rotation": 180, "texture": "#texture"},
				"up": {"uv": [9, 11, 12, 12], "rotation": 90, "texture": "#1"}
			}
		},
		{
			"from": [4, 3, 13],
			"to": [5, 4, 16],
			"rotation": {"angle": 0, "axis": "y", "origin": [8, 7.75, 14.5]},
			"faces": {
				"north": {"uv": [4, 3, 5, 4], "texture": "#texture"},
				"east": {"uv": [4, 13, 7, 14], "rotation": 180, "texture": "#1"},
				"south": {"uv": [11, 3, 12, 4], "rotation": 180, "texture": "#texture"},
				"up": {"uv": [4, 8, 7, 9], "rotation": 90, "texture": "#1"}
			}
		},
		{
			"from": [11, 3, 13],
			"to": [12, 4, 16],
			"rotation": {"angle": 0, "axis": "y", "origin": [8, 7.75, 14.5]},
			"faces": {
				"north": {"uv": [11, 3, 12, 4], "texture": "#texture"},
				"south": {"uv": [4, 3, 5, 4], "rotation": 180, "texture": "#texture"},
				"west": {"uv": [9, 9, 12, 10], "texture": "#1"},
				"up": {"uv": [9, 5, 12, 6], "rotation": 90, "texture": "#1"}
			}
		},
		{
			"from": [11, 11, 13],
			"to": [12, 12, 16],
			"rotation": {"angle": 0, "axis": "y", "origin": [8, 7.75, 14.5]},
			"faces": {
				"north": {"uv": [11, 11, 12, 12], "texture": "#texture"},
				"south": {"uv": [4, 11, 5, 12], "rotation": 180, "texture": "#texture"},
				"west": {"uv": [4, 9, 7, 10], "texture": "#1"},
				"down": {"uv": [4, 10, 7, 11], "rotation": 270, "texture": "#1"}
			}
		},
		{
			"from": [4, 11, 13],
			"to": [5, 12, 16],
			"rotation": {"angle": 0, "axis": "y", "origin": [8, 7.75, 14.5]},
			"faces": {
				"north": {"uv": [4, 11, 5, 12], "texture": "#texture"},
				"east": {"uv": [4, 1, 7, 2], "rotation": 180, "texture": "#1"},
				"south": {"uv": [11, 11, 12, 12], "rotation": 180, "texture": "#texture"},
				"down": {"uv": [4, 11, 7, 12], "rotation": 270, "texture": "#1"}
			}
		},
		{
			"from": [12, 9, 13],
			"to": [13, 12, 16],
			"rotation": {"angle": 0, "axis": "y", "origin": [8, 7.75, 14.5]},
			"faces": {
				"north": {"uv": [12, 12, 13, 9], "texture": "#texture"},
				"south": {"uv": [3, 9, 4, 12], "rotation": 180, "texture": "#texture"},
				"west": {"uv": [4, 9, 7, 12], "texture": "#1"}
			}
		},
		{
			"from": [3, 9, 13],
			"to": [4, 12, 16],
			"rotation": {"angle": 0, "axis": "y", "origin": [8, 7.75, 14.5]},
			"faces": {
				"north": {"uv": [3, 12, 4, 9], "texture": "#texture"},
				"east": {"uv": [4, 8, 7, 11], "rotation": 90, "texture": "#1"},
				"south": {"uv": [12, 9, 13, 12], "rotation": 180, "texture": "#texture"}
			}
		},
		{
			"from": [9, 3, 13],
			"to": [10, 12, 16],
			"rotation": {"angle": 0, "axis": "y", "origin": [8, 7.75, 14.5]},
			"faces": {
				"north": {"uv": [9, 12, 10, 3], "texture": "#texture"},
				"east": {"uv": [4, 7, 7, 16], "rotation": 180, "texture": "#1"},
				"south": {"uv": [6, 3, 7, 12], "rotation": 180, "texture": "#texture"},
				"west": {"uv": [9, 6, 12, 15], "texture": "#1"}
			}
		}
	],
	"groups": [
		{
			"name": "Jungle Trapdoor",
			"origin": [-13, 0, 9],
			"color": 0,
			"children": [0, 1, 2, 3, 4, 5, 6, 7, 8, 9, 10, 11, 12, 13, 14]
		}
	]
}