{
	"credit": "Butter did something here",
	"parent": "minecraft:block/cross",
	"ambientocclusion": false,
	"textures": {
		"1": "block/warped_fungus_3d",
		"2": "block/warped_fungus_bottom",
		"particle": "block/warped_fungus"
	},
	"elements": [
		{
			"name": "Mushroom Stem",
			"from": [3, 0, 12],
			"to": [4, 1, 13],
			"faces": {
				"north": {"uv": [15, 4, 16, 5], "texture": "#1"},
				"east": {"uv": [14, 2, 15, 3], "texture": "#1"},
				"south": {"uv": [15, 4, 16, 5], "texture": "#1"},
				"west": {"uv": [14, 4, 15, 5], "texture": "#1"}
			}
		},
		{
			"name": "Mushroom Bulb",
			"from": [2, 1, 11],
			"to": [5, 2, 14],
			"rotation": {"angle": 0, "axis": "y", "origin": [8, 5.5, 8]},
			"faces": {
				"north": {"uv": [2, 12, 5, 13], "texture": "#1"},
				"east": {"uv": [0, 5, 3, 4], "texture": "#1"},
				"south": {"uv": [14, 8, 13, 11], "rotation": 90, "texture": "#1"},
				"west": {"uv": [0, 13, 3, 12], "texture": "#1"},
				"up": {"uv": [4, 0, 7, 3], "rotation": 180, "texture": "#1"},
				"down": {"uv": [6, 6, 9, 9], "rotation": 180, "texture": "#2"}
			}
		}
	],
	"groups": [
		{
			"name": "Tiny Mushroom",
			"origin": [8, 8, 8],
			"color": 0,
			"children": [0, 1]
		}
	]
}