{
	"credit": "Butter did something here",
	"parent": "minecraft:block/cross",
	"ambientocclusion": false,
	"textures": {
		"1": "block/warped_fungus_3d",
		"2": "block/warped_fungus_bottom",
		"particle": "block/warped_fungus"
	},
	"elements": [
		{
			"name": "Mushroom Stem",
			"from": [4, 0, 8],
			"to": [6, 5, 10],
			"rotation": {"angle": 0, "axis": "y", "origin": [7, 4.75, 7]},
			"faces": {
				"north": {"uv": [14, 0, 16, 5], "texture": "#1"},
				"east": {"uv": [14, 0, 16, 5], "texture": "#1"},
				"south": {"uv": [14, 0, 16, 5], "texture": "#1"},
				"west": {"uv": [14, 0, 16, 5], "texture": "#1"}
			}
		},
		{
			"name": "Mushroom Bulb",
			"from": [0, 5, 4],
			"to": [10, 9, 14],
			"rotation": {"angle": 0, "axis": "y", "origin": [7, 4.75, 7]},
			"faces": {
				"north": {"uv": [12, 6, 16, 16], "rotation": 90, "texture": "#1"},
				"east": {"uv": [10, 12, 0, 16], "texture": "#1"},
				"south": {"uv": [12, 6, 16, 16], "rotation": 90, "texture": "#1"},
				"west": {"uv": [0, 12, 10, 16], "texture": "#1"},
				"up": {"uv": [0, 0, 10, 10], "rotation": 270, "texture": "#1"},
				"down": {"uv": [3, 3, 13, 13], "rotation": 90, "texture": "#2"}
			}
		}
	],
	"groups": [
		{
			"name": "warped_fungus",
			"origin": [8, 8, 8],
			"color": 0,
			"children": [
				{
					"name": "Mushroom",
					"origin": [8, 8, 8],
					"color": 0,
					"children": [0, 1]
				}
			]
		}
	]
}