{
	"credit": "Butter did something here",
	"parent": "minecraft:block/cross",
	"ambientocclusion": false,
	"textures": {
		"1": "block/warped_fungus_3d",
		"2": "block/warped_fungus_bottom",
		"particle": "block/warped_fungus"
	},
	"elements": [
		{
			"name": "Mushroom Stem",
			"from": [7, 0, 7],
			"to": [9, 5, 9],
			"faces": {
				"north": {"uv": [14, 0, 16, 5], "texture": "#1"},
				"east": {"uv": [14, 0, 16, 5], "texture": "#1"},
				"south": {"uv": [14, 0, 16, 5], "texture": "#1"},
				"west": {"uv": [14, 0, 16, 5], "texture": "#1"}
			}
		},
		{
			"name": "Mushroom Bulb",
			"from": [3, 5, 3],
			"to": [13, 9, 13],
			"rotation": {"angle": 0, "axis": "y", "origin": [8, 7, 8]},
			"faces": {
				"north": {"uv": [10, 12, 0, 16], "texture": "#1"},
				"east": {"uv": [12, 6, 16, 16], "rotation": 90, "texture": "#1"},
				"south": {"uv": [0, 12, 10, 16], "texture": "#1"},
				"west": {"uv": [12, 6, 16, 16], "rotation": 90, "texture": "#1"},
				"up": {"uv": [0, 0, 10, 10], "rotation": 180, "texture": "#1"},
				"down": {"uv": [3, 3, 13, 13], "rotation": 180, "texture": "#2"}
			}
		},
		{
			"name": "Mushroom Stem",
			"from": [12, 0, 12],
			"to": [13, 1, 13],
			"rotation": {"angle": 0, "axis": "y", "origin": [12.5, 1, 12.5]},
			"faces": {
				"north": {"uv": [15, 4, 16, 5], "texture": "#1"},
				"east": {"uv": [14, 4, 15, 5], "texture": "#1"},
				"south": {"uv": [15, 4, 16, 5], "texture": "#1"},
				"west": {"uv": [14, 2, 15, 3], "texture": "#1"}
			}
		},
		{
			"name": "Mushroom Bulb",
			"from": [11, 1, 11],
			"to": [14, 2, 14],
			"rotation": {"angle": 0, "axis": "y", "origin": [12.5, 1, 12.5]},
			"faces": {
				"north": {"uv": [7, 14, 10, 15], "texture": "#1"},
				"east": {"uv": [2, 7, 5, 6], "texture": "#1"},
				"south": {"uv": [14, 8, 13, 11], "rotation": 90, "texture": "#1"},
				"west": {"uv": [1, 15, 4, 14], "texture": "#1"},
				"up": {"uv": [7, 4, 10, 7], "rotation": 180, "texture": "#1"},
				"down": {"uv": [6, 6, 9, 9], "rotation": 180, "texture": "#2"}
			}
		}
	],
	"groups": [
		{
			"name": "Mushroom",
			"origin": [8, 8, 8],
			"color": 0,
			"children": [0, 1]
		},
		{
			"name": "tiny_warped_fungus",
			"origin": [8, 8, 8],
			"color": 0,
			"children": [
				{
					"name": "Tiny Mushroom",
					"origin": [8, 8, 8],
					"color": 0,
					"children": [2, 3]
				}
			]
		}
	]
}