{
	"credit": "Butter did something here",
	"parent": "minecraft:block/cross",
	"ambientocclusion": false,
	"textures": {
		"1": "block/warped_fungus_3d",
		"2": "block/warped_fungus_bottom",
		"particle": "block/warped_fungus"
	},
	"elements": [
		{
			"name": "Mushroom Stem",
			"from": [5, 0, 9],
			"to": [7, 2, 11],
			"rotation": {"angle": 0, "axis": "y", "origin": [7.75, 0.5, 7.75]},
			"faces": {
				"north": {"uv": [14, 0, 16, 2], "texture": "#1"},
				"east": {"uv": [14, 0, 16, 2], "texture": "#1"},
				"south": {"uv": [14, 0, 16, 2], "texture": "#1"},
				"west": {"uv": [14, 0, 16, 2], "texture": "#1"}
			}
		},
		{
			"name": "Mushroom Bulb",
			"from": [1, 2, 5],
			"to": [11, 6, 15],
			"rotation": {"angle": 0, "axis": "y", "origin": [7.75, 0.5, 7.75]},
			"faces": {
				"north": {"uv": [10, 12, 0, 16], "texture": "#1"},
				"east": {"uv": [12, 6, 16, 16], "rotation": 90, "texture": "#1"},
				"south": {"uv": [0, 12, 10, 16], "texture": "#1"},
				"west": {"uv": [12, 6, 16, 16], "rotation": 90, "texture": "#1"},
				"up": {"uv": [0, 0, 10, 10], "rotation": 180, "texture": "#1"},
				"down": {"uv": [3, 3, 13, 13], "rotation": 180, "texture": "#2"}
			}
		},
		{
			"name": "Mushroom Stem",
			"from": [13, 0, 3],
			"to": [14, 2, 4],
			"rotation": {"angle": 0, "axis": "y", "origin": [7.75, 0.5, 7.75]},
			"faces": {
				"north": {"uv": [15, 3, 16, 5], "texture": "#1"},
				"east": {"uv": [15, 1, 16, 3], "texture": "#1"},
				"south": {"uv": [15, 2, 16, 4], "texture": "#1"},
				"west": {"uv": [14, 0, 15, 2], "texture": "#1"}
			}
		},
		{
			"name": "Mushroom Bulb",
			"from": [12, 2, 2],
			"to": [15, 3, 5],
			"rotation": {"angle": 0, "axis": "y", "origin": [7.75, 0.5, 7.75]},
			"faces": {
				"north": {"uv": [1, 15, 4, 14], "texture": "#1"},
				"east": {"uv": [7, 14, 10, 15], "texture": "#1"},
				"south": {"uv": [4, 7, 7, 6], "texture": "#1"},
				"west": {"uv": [14, 8, 13, 11], "rotation": 90, "texture": "#1"},
				"up": {"uv": [5, 1, 8, 4], "rotation": 180, "texture": "#1"},
				"down": {"uv": [6, 6, 9, 9], "rotation": 90, "texture": "#2"}
			}
		}
	],
	"groups": [
		{
			"name": "Mushroom",
			"origin": [8, 8, 8],
			"color": 0,
			"children": [0, 1]
		},
		{
			"name": "Tiny Mushroom",
			"origin": [8, 8, 8],
			"color": 0,
			"children": [2, 3]
		}
	]
}