{
	"credit": "Butter did something here",
	"parent": "minecraft:block/cross",
	"ambientocclusion": false,
	"textures": {
		"1": "block/warped_fungus_3d",
		"2": "block/warped_fungus_bottom",
		"particle": "block/warped_fungus"
	},
	"elements": [
		{
			"name": "Mushroom Stem",
			"from": [7, 0, 7],
			"to": [9, 3, 9],
			"faces": {
				"north": {"uv": [14, 0, 16, 3], "texture": "#1"},
				"east": {"uv": [14, 0, 16, 3], "texture": "#1"},
				"south": {"uv": [14, 0, 16, 3], "texture": "#1"},
				"west": {"uv": [14, 0, 16, 3], "texture": "#1"}
			}
		},
		{
			"name": "Mushroom Bulb",
			"from": [3, 3, 3],
			"to": [13, 7, 13],
			"rotation": {"angle": 0, "axis": "y", "origin": [8, 6, 8]},
			"faces": {
				"north": {"uv": [12, 6, 16, 16], "rotation": 90, "texture": "#1"},
				"east": {"uv": [0, 12, 10, 16], "texture": "#1"},
				"south": {"uv": [12, 6, 16, 16], "rotation": 90, "texture": "#1"},
				"west": {"uv": [10, 12, 0, 16], "texture": "#1"},
				"up": {"uv": [0, 0, 10, 10], "rotation": 90, "texture": "#1"},
				"down": {"uv": [3, 3, 13, 13], "rotation": 270, "texture": "#2"}
			}
		}
	],
	"groups": [
		{
			"name": "Mushroom",
			"origin": [8, 8, 8],
			"color": 0,
			"children": [0, 1]
		}
	]
}