{
	"credit": "Stardust did something here",
	"parent": "block/thin_block",
	"textures": {
		"1": "block/dark_oak_door_sides",
		"particle": "block/dark_oak_trapdoor",
		"texture": "block/dark_oak_trapdoor"
	},
	"elements": [
		{
			"from": [2, 0, 0],
			"to": [14, 3, 2],
			"faces": {
				"north": {"uv": [6, 2, 9, 14], "rotation": 90, "texture": "#1", "cullface": "north"},
				"east": {"uv": [0, 0, 2, 3], "texture": "#missing"},
				"south": {"uv": [9, 1, 12, 13], "rotation": 90, "texture": "#1"},
				"west": {"uv": [0, 0, 2, 3], "texture": "#missing"},
				"up": {"uv": [2, 0, 14, 2], "texture": "#texture"},
				"down": {"uv": [14, 2, 2, 0], "texture": "#texture", "cullface": "down"}
			}
		},
		{
			"from": [14, 0, 0],
			"to": [16, 3, 16],
			"rotation": {"angle": 0, "axis": "y", "origin": [12, 0, 0]},
			"faces": {
				"north": {"uv": [9, 14, 12, 16], "rotation": 90, "texture": "#1", "cullface": "north"},
				"east": {"uv": [6, 0, 9, 16], "rotation": 90, "texture": "#1", "cullface": "east"},
				"south": {"uv": [9, 0, 12, 2], "rotation": 90, "texture": "#1", "cullface": "south"},
				"west": {"uv": [9, 0, 12, 16], "rotation": 90, "texture": "#1"},
				"up": {"uv": [14, 0, 16, 16], "texture": "#texture"},
				"down": {"uv": [2, 16, 0, 0], "texture": "#texture", "cullface": "down"}
			}
		},
		{
			"from": [0, 0, 0],
			"to": [2, 3, 16],
			"rotation": {"angle": 0, "axis": "y", "origin": [-2, 0, 0]},
			"faces": {
				"north": {"uv": [9, 0, 12, 2], "rotation": 90, "texture": "#1", "cullface": "north"},
				"east": {"uv": [9, 0, 12, 16], "rotation": 90, "texture": "#1"},
				"south": {"uv": [9, 14, 12, 16], "rotation": 90, "texture": "#1", "cullface": "south"},
				"west": {"uv": [6, 0, 9, 16], "rotation": 90, "texture": "#1", "cullface": "west"},
				"up": {"uv": [0, 0, 2, 16], "texture": "#texture"},
				"down": {"uv": [16, 16, 14, 0], "texture": "#texture", "cullface": "down"}
			}
		},
		{
			"from": [2, 0, 14],
			"to": [14, 3, 16],
			"rotation": {"angle": 0, "axis": "y", "origin": [0, 0, 14]},
			"faces": {
				"north": {"uv": [6, 3, 9, 15], "rotation": 90, "texture": "#1"},
				"east": {"uv": [0, 0, 2, 3], "texture": "#missing"},
				"south": {"uv": [9, 2, 12, 14], "rotation": 90, "texture": "#1", "cullface": "south"},
				"west": {"uv": [0, 0, 2, 3], "texture": "#missing"},
				"up": {"uv": [2, 14, 14, 16], "texture": "#texture"},
				"down": {"uv": [2, 16, 14, 14], "texture": "#texture", "cullface": "down"}
			}
		},
		{
			"from": [6, 0, 2],
			"to": [10, 3, 14],
			"rotation": {"angle": 0, "axis": "y", "origin": [0, 0, 12]},
			"faces": {
				"east": {"uv": [9, 2, 12, 14], "rotation": 90, "texture": "#1"},
				"west": {"uv": [9, 1, 12, 13], "rotation": 90, "texture": "#1"},
				"up": {"uv": [6, 2, 10, 14], "texture": "#texture"},
				"down": {"uv": [10, 14, 6, 2], "texture": "#texture", "cullface": "down"}
			}
		},
		{
			"from": [2, 0, 6],
			"to": [14, 3, 10],
			"rotation": {"angle": 0, "axis": "y", "origin": [0, 0, 12]},
			"faces": {
				"north": {"uv": [9, 2, 12, 14], "rotation": 90, "texture": "#1"},
				"south": {"uv": [6, 2, 9, 14], "rotation": 90, "texture": "#1"},
				"up": {"uv": [2, 6, 14, 10], "texture": "#texture"},
				"down": {"uv": [14, 10, 2, 6], "texture": "#texture", "cullface": "down"}
			}
		},
		{
			"from": [2, 1, 2],
			"to": [14, 2, 14],
			"rotation": {"angle": 0, "axis": "y", "origin": [0, 0, 16]},
			"faces": {
				"up": {"uv": [2, 2, 14, 14], "texture": "#texture"},
				"down": {"uv": [14, 14, 2, 2], "texture": "#texture", "cullface": "down"}
			}
		}
	],
	"groups": [
		{
			"name": "Dark Oak Trapdoor",
			"origin": [0, 0, 12],
			"color": 0,
			"children": [0, 1, 2, 3, 4, 5, 6]
		}
	]
}